Item Id,SKU,Type,Material,Brand,MPN,Model,Custom Bundle,Bundle Description,Modified Item,Modification Description,California Prop 65 Warning,Country/Region of Manufacture,
"255581246748","ZX9MNRCH3681","Office","Metal","Daphne&apos;s Dinnette","DA1600539","","","","","","","",
"255581106565","AMFN1560","Office","","American Furniture Classics","22110","","","","","","","",
"255581188055","ZX9IFD922","Office","","DeluxDesigns","DE728008","","","","","","","",
"265735836458","SPRCH26981","Office Organization","Paper","Hon Company","HONLVPM1H","","","","","","","",
"255581217767","SPRCH26983","Office Organization","Paper","Hon Company","HONLVPM1N","","","","","","","",
"255581052400","IFD922","Office","","Inroom Furniture Design","HO250BL","","","","","","","",
"255580945612","SPRCH101905","Office","","Lorell","LLR18316","","","","","","","",
"255581242076","CLDST23316","Office Organization","","Martin Yale Industries","PRE1628","","","","","","","",
"265735840120","MNRCH3912","Office","Metal","Monarch Specialties","I 7161","","","","","","","",
"255580994383","MNRCH3913","Office","Metal","Monarch Specialties","I 7162","","","","","","","",
"255581086215","MNRCHS771","Office","","Monarch Specialties","I 7219","","","","","","","",
"265735742899","MNRCH1253","Office","","Monarch Specialties","I 7319","","","","","","","",
"255581175298","MNRCH3677","Office","Metal","Monarch Specialties","I 7364","","","","","","","",
"265735617574","MNRCH3678","Office","Metal","Monarch Specialties","I 7365","","","","","","","",
"255581114004","MNRCH3679","Office","Metal","Monarch Specialties","I 7366","","","","","","","",
"265735642667","MNRCH3681","Office","Metal","Monarch Specialties","I 7369","","","","","","","",
"255580991885","MNRCH3687","Office","Metal","Monarch Specialties","I 7379","","","","","","","",
"255581083678","MNRCH3688","Office","Metal","Monarch Specialties","I 7380","","","","","","","",
"255581122175","MNRCH3708","Office","Metal","Monarch Specialties","I 7408","","","","","","","",
"265735698276","MNRCH3709","Office","Metal","Monarch Specialties","I 7409","","","","","","","",
"255581232795","MNRCH3710","Office","Metal","Monarch Specialties","I 7410","","","","","","","",
"265735734167","MNRCH3711","Office","Metal","Monarch Specialties","I 7412","","","","","","","",
"265735740001","MNRCH3712","Office","Metal","Monarch Specialties","I 7413","","","","","","","",
"265735877548","MNRCH3713","Office","Metal","Monarch Specialties","I 7414","","","","","","","",
"255581281035","MNRCH3715","Office","Metal","Monarch Specialties","I 7417","","","","","","","",
"265735729485","MNRCH3716","Office","Metal","Monarch Specialties","I 7418","","","","","","","",
"265735689898","MNRCH3718","Office","Wood","Monarch Specialties","I 7421","","","","","","","",
"265735811730","MNRCH3719","Office","Wood","Monarch Specialties","I 7422","","","","","","","",
"265735617116","MNRCH3722","Office","Wood","Monarch Specialties","I 7429","","","","","","","",
"255580948010","RNCY5001","Office","","Niche","NLDS3523HWH","","","","","","","",
"255581047328","RNCY5007","Office","","Niche","NSCL6060UW","","","","","","","",
"255581186773","RNCY5006","Office","","Niche","NSCLG6060","","","","","","","",
"255581213103","ZX9SPRCH26981","Office Organization","Paper","Vertex","VE840621","","","","","","","",
"265735819516","ZX9SPRCH26983","Office Organization","Paper","Vertex","VE875264","","","","","","","",
"265735840771","SPRCH24780","Office Organization","","Safco Products Company","SAF9430BL","","","","","","","",
"265735842963","STDSGN283","Office","","StudioDesigns","55123","","","","","","","",
"255581154964","ZX9STDSGN283","Office","","Templeton","TE875563","","","","","","","",
"265735627461","RTA009","Office","","Techni Mobili","RTA-3802-GLS","","","","","","","",
