Item Id,SKU,Type,Material,Brand,Application,Color,Finish,Compatible Brand,Model,Country/Region of Manufacture,Bundle Description,Custom Bundle,Item Depth,Item Height,Item Weight,Item Width,Number in Pack,MPN,California Prop 65 Warning,Compatible Model,Style,Features,Construction,Manufacturer Warranty,Year Manufactured,
"255509938589","CPPF9895","Fireplaces","Brick","CD","","","","","","","","","","","","","","106580","","","","","","","",
"265669191728","CPPF9896","Fireplaces","","CD","Fireplace","","","","","","","","","","","","","272249","","","","","","","",
"265690589831","ZX9CUIC6251","Fireplaces","","Mobiliario","","","","","","","","","","","","","7","MO2107206","","","","","","","",
"265897190109","ZX9RMHD423","Fireplaces","","PalaceDesigns","","","","","","","","","","","","","","PA2646316","","","","","","","",
"255728849353","ZX9RMHD425","Fireplaces","","PalaceDesigns","","","","","","","","","","","","","","PA2646317","","","","","","","",
"265695322664","CPPF6444","Fireplaces","","Chimney","","","","","","","","","","","","","","81732","","","","","","","",
"255513525524","RMHD423","Fireplaces","","Bevengo","","","","","","","","","","","","","","HK-18","","","","","","","",
"265669169791","RMHD425","Fireplaces","","Bevengo","","","","","","","","","","","","","","HK-24","","","","","","","",
"255541657605","CPPF9564","Fireplaces","","Caframo Ltd","","Black","Nickel","","","","","","","","","","","1028456","","","","","","","",
"255541730197","ZX9CUIC5122","Fireplaces","Brick","Mobiliario","","","Ceramic","","","","","","","","","","","MO1725284","","","Traditional","","","","",
"265669401230","CPPF9808","Fireplaces","","CONDAR COMPANY","","","","","","","","","","","","","","41925","","","","","","","",
"265674167566","CPPF4638","Fireplaces","","CD","","","","","","","","","","","","","2","41730","","","","","","","",
"255539197152","ZX9CPPF4638","Fireplaces","","PerfectPillows","","","","","","","","","","","","","2","PE1655370","","","","","","","",
"265674070128","CPPF6401","Fireplaces","","Chimney","","","","","","","","","","","","","2","41730","","","","","","","",
"265669337136","ZX9CPPF4639","Fireplaces","","PerfectPillows","","","","","","","","","","","","","2","PE1655371","","","","","","","",
"255513275506","CPPF6391","Fireplaces","","Chimney","","","","","","","","","","","","","2","41780","","","","","","","",
"265730049714","CPPF4639","Fireplaces","","CD","","","","","","","","","","","","","2","41780","","","","","","","",
"255728729437","ZX9CUIC9461","Fireplaces","","Vecindario","","","","","","","","","","","","","4","VE1721806","","","","","","","",
"265887691684","ZX9CPPF9859","Fireplaces","","Dare2Decor","","","","","","","","","","","","","","DA2214529","","","","","","","",
"255737866627","ZX9CPPF9564","Fireplaces","","Auric","","Black","Nickel","","","","","","","","","","","AU2548314","","","","","","","",
"265684735228","CUIC5493","Fireplaces","Ceramic","Empire","","","Ceramic","","","","","","","","","","","DVP35CPKR","","","","","","","",
"265690480662","CUIC5122","Fireplaces","Brick","Empire","","","Ceramic","","","","","","","","","","","EHL24","","","Traditional","","","","",
"265684855507","CUIC6342","Fireplaces","Brick","Empire","Fireplace","","","","","","","","","","","","","FPP26E","","","","","","","",
"255541786157","CUIC6251","Fireplaces","","Empire","","","","","","","","","","","","","7","VFDM18LBWN","","","","","","","",
"255513225454","CPPF4718","Fireplaces","","CD","","","","","","","","","","36 in","","36 in","","47157","","","","","","","",
"255509871801","CPPF5726","Fireplaces","","Chimney","","","","","","","","","","36 in","","36 in","","47157","","","","","","","",
"265887861468","ZX9CPPF365","Fireplaces","","PerfectPillows","","","","","","","","","","","","","2","PE2199394","","","","","","","",
"265644784324","CPPF365","Fireplaces","","CD","","","","","","","","","","","","","2","48538","","","","","","","",
"265644895929","CPPF1485","Fireplaces","","Chimney","","","","","","","","","","","","","2","48539","","","","","","","",
"265897153489","ZX9CPPF1485","Fireplaces","","Ricki&apos;s Rugs","","","","","","","","","","","","","2","RI2212954","","","","","","","",
"255528942064","ZX9CPPF4731","Fireplaces","","PerfectPillows","","","","","","","","","","","","","2","PE1655074","","","","","","","",
"255524071642","CPPF4731","Fireplaces","","CD","","","","","","","","","","","","","2","48539","","","","","","","",
"255728818542","ZX9CPPF5729","Fireplaces","","Ricki&apos;s Rugs","","","","","","","","","","","","","","RI2212625","","","","","","","",
"265897199186","ZX9CPPF4720","Fireplaces","","PerfectPillows","","","","","","","","","","","","","","PE2201451","","","","","","","",
"265690776607","CPPF4720","Fireplaces","","CD","","","","","","","","","","","","","","48144","","","","","","","",
"255534530422","CPPF5729","Fireplaces","","Chimney","","","","","","","","","","","","","","48144","","","","","","","",
"255738047261","ZX9CPPF5730","Fireplaces","","Ricki&apos;s Rugs","","","","","","","","","","","","","","RI2212626","","","","","","","",
"255534739688","CPPF5730","Fireplaces","","Chimney","","","","","","","","","","","","","","48149","","","","","","","",
"255488963788","ZX9CPPF4722","Fireplaces","","PerfectPillows","","","","","","","","","","","","","","PE1656517","","","","","","","",
"265674062425","CPPF4722","Fireplaces","","CD","","","","","","","","","","","","","","48149","","","","","","","",
"265887731757","ZX9CPPF4728","Fireplaces","","PerfectPillows","","","","","","","","","","","","","","PE2201508","","","","","","","",
"255513388495","CPPF4728","Fireplaces","","CD","","","","","","","","","","","","","","48254","","","","","","","",
"265665427064","CPPF7060","Fireplaces","","HARGROVE MANUFACTURING","","","","","","","","","","","","","","48254","","","","","","","",
"255524064516","CPPF4767","Fireplaces","","CD","","","","","","","","","","","","","","48952","","","","","","","",
"265665564795","CPPF1516","Fireplaces","","Chimney","","","","","","","","","","","","","","48952","","","","","","","",
"265674104222","ZX9CPPF4767","Fireplaces","","PerfectPillows","","","","","","","","","","","","","","PE1655075","","","","","","","",
"255728853720","ZX9CPPF1516","Fireplaces","","Ricki&apos;s Rugs","","","","","","","","","","","","","","RI2215071","","","","","","","",
"265644835211","CPPF4768","Fireplaces","","CD","","","","","","","","","","","","","","48953","","","","","","","",
"265669336169","ZX9CPPF4768","Fireplaces","","PerfectPillows","","","","","","","","","","","","","","PE1657091","","","","","","","",
"255534578397","ZX9RMHD841","Fireplaces","","BluePrints","","","","","","","","","","","","","","BL477474","","","","","","","",
"265695267290","CPPF9772","Fireplaces","","HEARTH PRODUCTS CONTROL","","","","","","","","","","","","","","50100","","","","","","","",
"265674106751","RMHD841","Fireplaces","","HearthDistribution","","","","","","","","","","","","","","HK-30","","","","","","","",
"265690519640","ZX9CPPF4868","Fireplaces","","PerfectPillows","","","","","","","","","","","","","","PE1655076","","","","","","","",
"265669027262","ZX9CPPF2035","Fireplaces","","Ricki&apos;s Rugs","","","","","","","","","","","","","","RI1654754","","","","","","","",
"255728586933","ZX9CPPF4869","Fireplaces","","PerfectPillows","","","","","","","","","","","","","","PE2548026","","","","","","","",
"255524199294","ZX9CPPF4870","Fireplaces","","PerfectPillows","","","","","","","","","","","","","","PE1654758","","","","","","","",
"265698014723","ZX9CPPF2036","Fireplaces","","Ricki&apos;s Rugs","","","","","","","","","","","","","","RI1657380","","","","","","","",
"265690587368","CPPF4868","Fireplaces","","CD","","","","","","","","","","","","","","70060","","","","","","","",
"265684756237","CPPF2035","Fireplaces","","Chimney","","","","","","","","","","","","","","70070","","","","","","","",
"265680084132","CPPF4870","Fireplaces","","CD","","","","","","","","","","","","","","70080","","","","","","","",
"265697895419","CPPF2036","Fireplaces","","Chimney","","","","","","","","","","","","","","70080","","","","","","","",
"265697997014","CPPF4703","Fireplaces","","CD","","","","","","","","","","","","","","46024","","","","","","","",
"255728664143","ZX9CPPF4703","Fireplaces","","PerfectPillows","","","","","","","","","","","","","","PE2212598","","","","","","","",
"255489024475","CUIC9461","Fireplaces","","Majestic","","","","","","","","","","","","","4","LINKSQB-DV4-30","","","","","","","",
"265887751816","ZX9CPPF9860","Fireplaces","","HearthStone Furniture","","","","","","","","","","","","","","HE2215179","","","","","","","",
"265887508780","CPPF1054","Fireplaces","","Chimney","","","","","","","","","","","","","","10804","","","","","","","",
"265665598449","CPPF9860","Fireplaces","","SKYTECH SYSTEMS MIDWEST","","","","","","","","","","","","","","48941","","","","","","","",
"255728938064","ZX9CPPF9763","Fireplaces","","EyeCatcher","","","","","","","","","","","","","","EY2203666","","","","","","","",
"265887516200","ZX9CPPF5812","Fireplaces","","Ricki&apos;s Rugs","","","","","","","","","","","","","","RI2548111","","","","","","","",
"255728925021","CPPF7548","Fireplaces","Steel","Wolf Steel","","","","","","","","","","","","","","16656","","","","","","","",
"265644898584","CPPF7140","Fireplaces","Steel","WOLF STEEL LTD (CORE)","","Black","","","","","","","","","","","","16994","","","","","","","",
"255541781503","CPPF7544","Fireplaces","Steel","Wolf Steel","","","","","","","","","","","","","","16943","","","","","","","",
"255534726134","CPPF7589","Fireplaces","Ash","Wolf Steel","","","","","","","","","","","","","","106540","","","","","","","",
"255725204369","CPPF7586","Fireplaces","Steel","Wolf Steel","","","","","","","","","","","","","","106542","","","","","","","",
"265729917992","CPPF7592","Fireplaces","Ash","Wolf Steel","","","","","","","","","","","","","","106544","","","","","","","",
"255528983769","CPPF7587","Fireplaces","Steel","Wolf Steel","","","","","","","","","","","","","","106546","","","","","","","",
"255524140510","CPPF7590","Fireplaces","Steel","Wolf Steel","","","","","","","","","","","","","","106557","","","","","","","",
"265695165881","CPPF7542","Fireplaces","Brick","Wolf Steel","","","","","","","","","","","","","","16904","","","","","","","",
"265697887757","CPPF7543","Fireplaces","Steel","Wolf Steel","","","","","","","","","","","","","","16414","","","","","","","",
"265684604475","CPPF7537","Fireplaces","Steel","Wolf Steel","","Black","","","","","","","","","","","","16411","","","","","","","",
"255534629538","CPPF7545","Fireplaces","Brass","Wolf Steel","","","Brass","","","","","","","","","","","16412","","","","","","","",
"255524141257","CPPF7578","Fireplaces","Steel","Wolf Steel","","Black","","","","","","","","","","","","16311","","","","","","","",
"265897188627","ZX9CPPF7025","Fireplaces","Chrome","Dare2Decor","","","Chrome","","","","","","","","","","","DA2201555","","","","","","","",
"255728843975","CPPF7025","Fireplaces","Chrome","WOLF STEEL LTD (CORE)","","","Chrome","","","","","","","","","","","16818","","","","","","","",
"255728902795","ZX9CPPF9856","Fireplaces","Steel","Dare2Decor","","","","","","","","","","","","","","DA2203670","","","","","","","",
"265690715727","CPPF9844","Fireplaces","Steel","WOLF STEEL LTD (CORE)","","Black","","","","","","","","","","","","16311","","","","","","","",
"255518127077","CPPF9842","Fireplaces","Steel","WOLF STEEL LTD (CORE)","","Black","","","","","","","","","","","","16411","","","","","","","",
"255513279560","CPPF9841","Fireplaces","Brass","WOLF STEEL LTD (CORE)","","","Brass","","","","","","","","","","","16412","","","","","","","",
"265669420429","CPPF9856","Fireplaces","Steel","WOLF STEEL LTD (CORE)","","","","","","","","","","","","","","16414","","","","","","","",
"255725268847","CPPF9803","Fireplaces","Steel","WOLF STEEL LTD (CORE)","","","","","","","","","","","","","","16656","","","","","","","",
"265698031962","CPPF9837","Fireplaces","Steel","WOLF STEEL LTD (CORE)","","","","","","","","","","","","","","16943","","","","","","","",
"265680083319","CPPF6514","Fireplaces","Stainless Steel","Chimney","","","","","","","","","","","","","","57235","","","","","","","",
"265684597136","CPPF6376","Fireplaces","Steel","Chimney","","Black","","","","","","","","","","","","57298","","","","","","","",
"265695303114","CPPF7598","Fireplaces","Glass","Wolf Steel","","","Glass","","","","","","","","","","","17023","","","","","","","",
"265665360824","CPPF7625","Fireplaces","Steel","Wolf Steel","","","","","","","","","","","","","","123061","","","","","","","",
"265669251967","CPPF7634","Fireplaces","Steel","Wolf Steel","","Black","","","","","","","","","","","","16824","","","","","","","",
