Item Id,SKU,Application,Brand,Type,Number in Pack,Material,Items included,Color,Construction,Item Depth,Suitable For,Item Width,Item Diameter,Item Height,Style,Year Manufactured,Model,Item Weight,Country/Region of Manufacture,Custom Bundle,Bundle Description,MPN,California Prop 65 Warning,
"255728789302","ZX9CPP5329","","HearthStone Furniture","Fireplaces","","Ceramic","","","","","","","","","","","","","","","","HE2212536","",
"255728789066","ZX9CPP5334","","HearthStone Furniture","Fireplaces","","Ceramic","","","","","","","","","","","","","","","","HE2212537","",
"265896971342","ZX9CPP5335","","HearthStone Furniture","Fireplaces","","Ceramic","","","","","","","","","","","","","","","","HE2213161","",
"265883988276","ZX9CPP5331","","HearthStone Furniture","Fireplaces","","Ceramic","","","","","","","","","","","","","","","","HE2212284","",
"255728885987","ZX9CPP5325","","HearthStone Furniture","Fireplaces","","","","","","","","","","","","","","","","","","HE2212929","",
"265695327972","ZX9CUIC5579","","Mobiliario","Fireplaces","","","","Black","","","","","","","","","","","","","","MO1723569","",
"265887777813","ZX9CUIC5756","","Mobiliario","Fireplaces","","","","Black","","","","","","","","","","","","","","MO2559881","",
"255728663381","ZX9CUIC10183","","Perspectiva","Fireplaces","","","","","","","","","","","","","","","","","","PE2559749","",
"255534596331","ZX9CPP20197","","Fondo","Fireplaces","10","Stainless Steel","","","","","","","","","","","","","","","","FO2100506","",
"265669048275","ZX9CPP17560","Chimney","Escenario","Fireplaces","10","","","","","","","","","","","","","","","","","ES1713031","",
"255738045779","ZX9CPP5600","","First Floor Designs","Fireplaces","10","","","","","","","","","","","","","","","","","FI2213168","",
"255518079154","ZX9CPP17559","Chimney","Escenario","Fireplaces","10","","","","","","","","","","","","","","","","","ES1708142","",
"265680005974","ZX9CPP17626","","Propiedades","Fireplaces","10","","","","","","","","","","","","","","","","","PR1705385","",
"265897159368","ZX9CPP4753","","HearthStone Furniture","Fireplaces","5","","","","","","","","","","","","","","","","","HE2212520","",
"265673966695","ZX9CUIC4827","","Mobiliario","Fireplaces","","","","Blue","","","","","","","","","","","","","","MO2107183","",
"255541780619","ZX9CPP20198","","Fondo","Fireplaces","11","Stainless Steel","","","","","","","","","","","","","","","","FO1708222","",
"265690654048","ZX9FTCN2168","Chimney","PerfectPillows","Fireplaces","12","","","","","","","","","","","","","","","","","PE1070955","",
"265684607543","ZX9CPP20199","","Fondo","Fireplaces","12","Stainless Steel","","","","","","","","","","","","","","","","FO1714799","",
"265680168710","ZX9CPP17561","Chimney","Escenario","Fireplaces","12","","","","","","","","","","","","","","","","","ES1702944","",
"255725241296","ZX9CPPF6999","Chimney","ComfyCushions","Fireplaces","13","","","","","","","","","","","","","","","","","CO2548265","",
"265897028384","ZX9CPPF6990","","ComfyCushions","Fireplaces","13","","","","","","","","","","","","","","","","","CO2548264","",
"255738069971","ZX9CPPF7011","Chimney","ComfyCushions","Fireplaces","13","","","","","","","","","","","","","","","","","CO2548266","",
"255575068225","ZX9LIND2009","","JaggedDesigns","Fireplaces","13","","","","","","","","","","","","","","","","","JA1663821","",
"255575016530","ZX9LIND2010","","JaggedDesigns","Fireplaces","13","","","","","","","","","","","","","","","","","JA92691","",
"265884040136","ZX9CPP14536","","Stockage Supreme","Fireplaces","13","","","","","","","","","","","","","","","","","ST2212244","",
"255524260396","ZX9CPP20107","","Fondo","Fireplaces","13","Stainless Steel","","","","","","","","","","","","","","","","FO1708502","",
"255541860634","ZX9CPP20096","","Fondo","Fireplaces","13","Stainless Steel","","","","","","","","","","","","","","","","FO1707535","",
"255737685142","ZX9CPP14537","","Stockage Supreme","Fireplaces","13","","","","","","","","","","","","","","","","","ST2212495","",
"255529067542","ZX9LIND1573","Chimney","JaggedDesigns","Fireplaces","13","Stainless Steel","","","","","","","","","","","","","","","","JA1662831","",
"255725136512","ZX9CPP20200","","Fondo","Fireplaces","14","Stainless Steel","","","","","","","","","","","","","","","","FO2199324","",
"255737756172","ZX9ACMM047","","Esteras Tikar","Fireplaces","16","","","Silver","","","","","","","","","","","","","","ES2516647","",
"265887636670","ZX9CUIC6322","","Mobiliario","Fireplaces","17","","","","","","","","","","","","","","","","","MO2088839","",
"265884135571","ZX9CPPF7028","Chimney","ComfyCushions","Fireplaces","17","","","","","","","","","","","","","","","","","CO2548268","",
"255575061039","ZX9LIND2011","","JaggedDesigns","Fireplaces","18","","","","","","","","","","","","","","","","","JA1592809","",
"265887827688","ZX9CPP14538","","Stockage Supreme","Fireplaces","18","","","","","","","","","","","","","","","","","ST2213120","",
"255488936065","ZX9CPP21030","","Stockage Supreme","Fireplaces","18","","","","","","","","","","","","","","","","","ST1704321","",
"265887571094","ZX9CUIC6219","","Mobiliario","Fireplaces","","","","","","","","","","","","","","","","","","MO2559898","",
"255725020896","ZX9CUIC6416","","Mobiliario","Fireplaces","","","","","","","","","","","","","","","","","","MO2559932","",
"255728767173","ZX9CUIC10180","","Perspectiva","Fireplaces","","","","","","","","","","","","","","","","","","PE2559747","",
"265897087241","ZX9CUIC10181","","Perspectiva","Fireplaces","","","","","","","","","","","","","","","","","","PE2559748","",
"255728925078","ZX9CUIC4824","","Mobiliario","Fireplaces","","","","Blue","","","","","","","","","","","","","","MO2559835","",
"255539006194","ZX9CUIC4823","","Mobiliario","Fireplaces","","","","Blue","","","","","","","","","","","","","","MO1721781","",
"255725309063","ZX9ALMO13143","Fireplace","BluePrints","Fireplaces","","","","","","","","","","","","","","","","","","BL2519555","",
"265897011901","ZX9ALMO13145","Fireplace","BluePrints","Fireplaces","","","","","","","","","","","","","","","","","","BL2519556","",
"265887755393","ZX9ALMO13146","Fireplace","BluePrints","Fireplaces","","","","","","","","","","","","","","","","","","BL2519557","",
"255725236173","ZX9CPP4759","","HearthStone Furniture","Fireplaces","3","","","","","","","","","","","","","","","","","HE2212918","",
"255728686058","ZX9KGSM1610","","DecoraciOn","Fireplaces","3","","","","","","","","","","","","","","","","","DE2598430","",
"265896905876","ZX9KGSM1611","","DecoraciOn","Fireplaces","3","","","Black","","","","","","","","","","","","","","DE2421852","",
"255539130143","ZX9CPP17482","","BluePrints","Fireplaces","3","","","Black","","","","","","","","","","","","","","BL1709376","",
"255539005818","ZX9CPP20015","","Fondo","Fireplaces","3","Stainless Steel","","","","","","","","","","","","","","","","FO2086672","",
"255725224398","ZX9CUIC8796","","Vecindario","Fireplaces","2","","","","","","","","","","Contemporary","","","","","","","VE1721800","",
"255489057533","ZX9CUIC5410","","Mobiliario","Fireplaces","","","","","","","","","","","","","","","","","","MO1721444","",
"265884117453","ZX9CUIC5341","","Mobiliario","Fireplaces","","","","Black","","","","","","","","","","","","","","MO2559865","",
"255728745941","ZX9CPPF7405","","First Floor Designs","Fireplaces","3","","","","","","","","","","","","","","","","","FI2548287","",
"255725176721","ZX9CPPF7409","","First Floor Designs","Fireplaces","3","","","","","","","","","","","","","","","","","FI2548290","",
"255728917509","ZX9CUIC5207","","Mobiliario","Fireplaces","4","","","","","","","","","","","","","","","","","MO2559857","",
"255541767542","ZX9CPP21347","","Fondo","Fireplaces","4","","","","","","","","","","","","","","","","","FO1708236","",
"265897124996","ZX9KGSM2012","","DecoraciOn","Fireplaces","4","","","Black","","","","","","","","","","","","","","DE2598436","",
"265665566268","ZX9CPP17483","","BluePrints","Fireplaces","4","","","","","","","","","","","","","","","","","BL1704229","",
"265665286388","ZX9CPP17485","","BluePrints","Fireplaces","4","","","","","","","","","","","","","","","","","BL1708774","",
"265706896549","ZX9CPP17468","","BluePrints","Fireplaces","4","","","","","","","","","","","","","","","","","BL1708138","",
"265887597063","ZX9CPP5506","","First Floor Designs","Fireplaces","4","","","","","","","","","","","","","","","","","FI2212931","",
"255725335457","ZX9CPP5517","","First Floor Designs","Fireplaces","4","","","","","","","","","","","","","","","","","FI2212540","",
"255728559591","ZX9CUIC10319","","Terreno","Fireplaces","","","","Black","","","","","","","","","","","","","","TE2559757","",
"265884216192","ZX9ALMO12663","Fireplace","BluePrints","Fireplaces","","","","","","","","","","","","","","","","","","BL2519535","",
"255738017727","ZX9ALMO12665","Fireplace","BluePrints","Fireplaces","","","","Blue","","","","","","","","","","","","","","BL2519536","",
"265887850775","ZX9ALMO12427","Fireplace","BluePrints","Fireplaces","","","","","","","","","","","","","","","","","","BL2519530","",
"255725292177","ZX9CPPF7408","","First Floor Designs","Fireplaces","4","","","","","","","","","","","","","","","","","FI2548289","",
"265897141315","ZX9CPPF7401","","First Floor Designs","Fireplaces","4","","","","","","","","","","","","","","","","","FI2548285","",
"265887531299","ZX9CPPF7412","","First Floor Designs","Fireplaces","4","","","","","","","","","","","","","","","","","FI2548293","",
"265896938313","ZX9CPP4760","","HearthStone Furniture","Fireplaces","5","","","","","","","","","","","","","","","","","HE2213146","",
"255725238455","ZX9CPP4758","","HearthStone Furniture","Fireplaces","5","","","","","","","","","","","","","","","","","HE2212917","",
"265669047446","ZX9CPP18488","","Fondo","Fireplaces","5","","","","","","","","","","","","","","","","","FO2086620","",
"255728599672","ZX9DKSM052","","StandAlone","Fireplaces","5","","","","","","","","","","","","","","","","","ST2565389","",
"265884033961","ZX9CPP18489","","Fondo","Fireplaces","5","","","","","","","","","","","","","","","","","FO2199319","",
"265887719915","ZX9CPP4598","","HearthStone Furniture","Fireplaces","5","","","","","","","","","","","","","","","","","HE2213132","",
"265897145440","ZX9CPP4599","","HearthStone Furniture","Fireplaces","5","","","","","","","","","","","","","","","","","HE2201359","",
"265887832323","ZX9CUIC10179","","Perspectiva","Fireplaces","","","","","","","","","","","","","","","","","","PE2559746","",
"265669148945","ZX9CPP21340","","Fondo","Fireplaces","8","","","","","","","","","","","","","","","","","FO1708235","",
"255518079497","ZX9CPP20514","","Fondo","Fireplaces","20","","","","","","","","","","","","","","","","","FO1709475","",
"255737972766","ZX9CPP20492","","Fondo","Fireplaces","","","","","","","","","","","","","","","","","","FO2211817","",
"255737877533","ZX9CPP4600","","HearthStone Furniture","Fireplaces","","","","","","","","","","","","","","","","","","HE2211827","",
"265690754581","ZX9CPP20493","","Fondo","Fireplaces","","","","","","","","","","","","","","","","","","FO2100512","",
"265887693129","ZX9CUIC6317","","Mobiliario","Fireplaces","","","","","","","","","","","","","","","","","","MO2559908","",
"265669228023","ZX9CPP17563","Chimney","Escenario","Fireplaces","6","","","","","","","","","","","","","","","","","ES1708778","",
"265887733875","ZX9CPP5097","","First Floor Designs","Fireplaces","6","","","","","","","","","","","","","","","","","FI2212280","",
"255737787656","ZX9CPP4604","","HearthStone Furniture","Fireplaces","6","","","","","","","","","","","","","","","","","HE2212509","",
"265897141155","ZX9CPP18569","","Fondo","Fireplaces","6","","","","","","","","","","","","","","","","","FO2212893","",
"265669206578","ZX9CPP18570","","Fondo","Fireplaces","6","","","","","","","","","","","","","","","","","FO1708157","",
"265887839674","ZX9CPP4606","","HearthStone Furniture","Fireplaces","6","","","","","","","","","","","","","","","","","HE2212510","",
"265884020610","ZX9CPP4749","","HearthStone Furniture","Fireplaces","5","","","","","","","","","","","","","","","","","HE2212916","",
"255725291017","ZX9CPPF9561","Chimney","First Floor Designs","Fireplaces","6","","","","","","","","","","","","","","","","","FI2211928","",
"265884120310","ZX9LIND1329","Chimney","JaggedDesigns","Fireplaces","6","","","","","","","","","","","","","","","","","JA2608367","",
"265669231019","ZX9CPP20195","","Fondo","Fireplaces","7","Stainless Steel","","","","","","","","","","","","","","","","FO1708857","",
"255524061462","ZX9CPP17564","Chimney","Escenario","Fireplaces","7","","","","","","","","","","","","","","","","","ES1708779","",
"255737662397","ZX9CPP4619","","HearthStone Furniture","Fireplaces","7","","","","","","","","","","","","","","","","","HE2212511","",
"265665373416","ZX9CPP17628","","Propiedades","Fireplaces","7","","","","","","","","","","","","","","","","","PR1702948","",
"265883825818","ZX9CPP4750","","HearthStone Furniture","Fireplaces","5","","","","","","","","","","","","","","","","","HE2201368","",
"265883947466","ZX9CPP20196","","Fondo","Fireplaces","8","Stainless Steel","","","","","","","","","","","","","","","","FO2212250","",
"265695211099","ZX9CPP17568","Chimney","Escenario","Fireplaces","8","","","","","","","","","","","","","","","","","ES1705379","",
"255539098948","ZX9CPP17566","Chimney","Escenario","Fireplaces","8","","","","","","","","","","","","","","","","","ES1713032","",
"265896922718","ZX9CPP4620","","HearthStone Furniture","Fireplaces","8","","","","","","","","","","","","","","","","","HE2211526","",
"265669300829","ZX9CPP17624","","Propiedades","Fireplaces","8","","","","","","","","","","","","","","","","","PR1705384","",
"265897201716","ZX9CPP17629","","Propiedades","Fireplaces","8","","","","","","","","","","","","","","","","","PR1708147","",
"255728773396","ZX9CPPF6966","","ComfyCushions","Fireplaces","8","","","","","","","","","","","","","","","","","CO2548262","",
"255737937274","ZX9CPPF7000","Chimney","ComfyCushions","Fireplaces","8","","","","","","","","","","","","","","","","","CO2214510","",
"255738054424","ZX9CPPF7013","Chimney","ComfyCushions","Fireplaces","8","","","","","","","","","","","","","","","","","CO2548267","",
"255728555993","ZX9CPP21016","Chimney","Ricki&apos;s Rugs","Fireplaces","8","","","","","","","","","","","","","","","","","RI2100522","",
"265884167014","ZX9CPP21017","Chimney","Ricki&apos;s Rugs","Fireplaces","8","","","","","","","","","","","","","","","","","RI1704319","",
"265897190029","ZX9CPP4768","","HearthStone Furniture","Fireplaces","5","","","","","","","","","","","","","","","","","HE2212919","",
"265896857342","ZX9CPPF9565","Chimney","First Floor Designs","Fireplaces","8","","","","","","","","","","","","","","","","","FI2215406","",
"255725260331","ZX9CPPF6961","","ComfyCushions","Fireplaces","8","","","","","","","","","","","","","","","","","CO2548261","",
"265887754847","ZX9LIND2012","","JaggedDesigns","Fireplaces","8","","","","","","","","","","","","","","","","","JA2608415","",
"255575121151","ZX9LIND2013","","JaggedDesigns","Fireplaces","8","","","","","","","","","","","","","","","","","JA92692","",
"255528868761","ZX9CPP17567","Chimney","Escenario","Fireplaces","8","","","","","","","","","","","","","","","","","ES1705378","",
"265887762008","ZX9LIND1525","Chimney","JaggedDesigns","Fireplaces","8","","Brush","","","","","","","","","","","","","","","JA2608386","",
"255728927505","ZX9CPP14534","","Stockage Supreme","Fireplaces","8","","","","","","","","","","","","","","","","","ST2211812","",
"265674077737","ZX9CPP17429","","Vecindario","Fireplaces","8","","","","","","","","","","","","","","","","","VE1704226","",
"255725077307","ZX9CPP14533","","Stockage Supreme","Fireplaces","8","","","","","","","","","","","","","","","","","ST2212493","",
"265897211639","ZX9CPP14524","","Stockage Supreme","Fireplaces","8","","","","","","","","","","","","","","","","","ST2212243","",
"265730055589","ZX9LIND3448","","Vista","Fireplaces","8","","","","","","","","","","","","","","","","","VI1820913","",
"255725022246","ZX9CUIC6316","","Mobiliario","Fireplaces","","","","","","","","","","","","","","","","","","MO2559907","",
"265698060157","ZX9CPP20194","","Fondo","Fireplaces","9","Stainless Steel","","","","","","","","","","","","","","","","FO1704312","",
"255513050129","ZX9CPP17581","Chimney","Escenario","Fireplaces","9","","","","","","","","","","","","","","","","","ES1713033","",
"255534513740","ZX9CPP17569","Chimney","Escenario","Fireplaces","9","","","","","","","","","","","","","","","","","ES1708435","",
"265700808286","ZX9CPP17580","Chimney","Escenario","Fireplaces","9","","","","","","","","","","","","","","","","","ES1708437","",
"265896855088","ZX9CPP17630","","Propiedades","Fireplaces","9","","","","","","","","","","","","","","","","","PR1713038","",
"255725275509","ZX9CPP5586","","First Floor Designs","Fireplaces","9","","","","","","","","","","","","","","","","","FI2212544","",
"255725096272","ZX9CPP14535","","Stockage Supreme","Fireplaces","9","","","","","","","","","","","","","","","","","ST2212494","",
"265897139594","ZX9CPP5087","Chimney","ComfyCushions","Fireplaces","8","","","","","","","","","","","","","","","","","CO2213155","",
"255725272873","ZX9CPP5088","Chimney","ComfyCushions","Fireplaces","13","","","","","","","","","","","","","","","","","CO2201374","",
"265884073313","ZX9CPP5090","","ComfyCushions","Fireplaces","17","Stainless Steel","","","","","","","","","","","","","","","","CO2213156","",
"255725141299","ZX9CPP5091","Chimney","ComfyCushions","Fireplaces","8","Stainless Steel","","","","","","","","","","","","","","","","CO2201375","",
"255513556748","CPP4043","","A.W. Perkins","Fireplaces","","","Brush","","","","","","","","","","","","","","","23165","",
"255509711855","CPPF2171","","CD","Fireplaces","3","","","Black","","","","","","","","","","","","","","81239","",
"265669362384","CPPF1689","","CD","Fireplaces","8","","Brush","","","","","","","","","","","","","","","60195","",
"255518001150","ACMM047","","Acme Miami","Fireplaces","16","","","Silver","","","","","","","","","","","","","","95216","",
"255539127883","ORGL28350","Chimney","American Metal","Chimney Cap","1","Stainless Steel","","Silver","Triple Wall","0.5 in","Indoor","14.31 in","0.5 in","12.2 in","Custom","","8HS-RCS","3.5 lb","","","","6846091","",
"255518182517","AWFP029","Fireplace","Anywhere Fireplace","Fireplaces","","","","Red","","","Indoor","","","","","","","","","","","90212","",
"255538994051","AWFP030","Fireplace","Anywhere Fireplace","Fireplaces","","","","White","","","","","","","","","","","","","","90213","",
"265644708968","AWFP028","Fireplace","Anywhere Fireplace","Fireplaces","","","","White","","","","","","","","","","","","","","90214","",
"255725240632","ZX9CUIC6456","","Mobiliario","Fireplaces","","","","Black","","","","","","","","","","","","","","MO2214722","",
"265897127031","ZX9CUIC5236","","Mobiliario","Fireplaces","","","","Black","","","","","","","","","","","","","","MO2559860","",
"255513254173","ZX9CUIC4723","","Mobiliario","Fireplaces","","","","","","","","","","","","","","","","","","MO1721433","",
"265884116820","ZX9CUIC5206","Fireplace","Mobiliario","Fireplaces","","","","","","","","","","","","","","","","","","MO2559856","",
"265669313181","TWST4947","Stove","AW Perkins","Fireplaces","","","Brush","Black","","","","","","","","","","","","","","91AW","",
"255518113798","CPP17429","","Bernard Dalsin","Fireplaces","8","","","","","","","","","","","","","","","","","3602875","",
"265684765586","CPPF1401","Chimney","Chimney","Fireplaces","12","","","","","","","","","","","","","","","","","34610","",
"265887625136","ZX9CPPF1401","","Ricki&apos;s Rugs","Fireplaces","12","","","","","","","","","","","","","","","","","RI2211851","",
"255541588471","CPPF5583","","CD","Fireplaces","12","","","","","","","","","","","","","","","","","34610","",
"265883899456","ZX9CPPF5583","","PerfectPillows","Fireplaces","12","","","","","","","","","","","","","","","","","PE2201480","",
"265674073687","CPPF6343","Chimney","Chimney","Fireplaces","13","","","","","","","","","","","","","","","","","34620","",
"255534615929","CPPF5584","","CD","Fireplaces","13","","","","","","","","","","","","","","","","","34620","",
"255737761609","ZX9CPPF5584","","PerfectPillows","Fireplaces","13","","","","","","","","","","","","","","","","","PE2213259","",
"255513154164","CPPF1394","Chimney","Chimney","Fireplaces","8","","","","","","","","","","","","","","","","","34050","",
"265884108358","ZX9CPPF1394","","Ricki&apos;s Rugs","Fireplaces","8","","","","","","","","","","","","","","","","","RI2211850","",
"255725152545","ALMO13143","Fireplace","Cambridge","Fireplaces","","","","","","","","","","","","","","","","","","CAM23INS-1BLK","",
"255724917644","ALMO13145","Fireplace","Cambridge","Fireplaces","","","","","","","","","","","","","","","","","","CAM25CINS-1BLK","",
"265729913254","ALMO13144","Fireplace","Cambridge","Fireplaces","","","","","","","","","","","","","","","","","","CAM25INS-1BLK","",
"265730025956","ALMO13146","Fireplace","Cambridge","Fireplaces","","","","","","","","","","","","","","","","","","CAM28INS-1BLK","",
"265887853485","ALMO12418","Fireplace","Cambridge","Fireplaces","","","","","","","","","","","","","","","","","","CAM3437-1CHRLG3","",
"255728643802","ALMO12421","Fireplace","Cambridge","Fireplaces","","","","","","","","","","","","","","","","","","CAM3437-1MAHLG3","",
"265883826164","ALMO12660","Fireplace","Cambridge","Fireplaces","","","","","","","","","","","","","","","","","","CAM3437-1SBL","",
"255725113935","ALMO12661","Fireplace","Cambridge","Fireplaces","","","","","","","","","","","","","","","","","","CAM3437-1SBLLED","",
"255728585514","ALMO12662","Fireplace","Cambridge","Fireplaces","","","Grate","","","","","","","","","","","","","","","CAM3437-1SBLLG2","",
"255737711510","ALMO12678","Fireplace","Cambridge","Fireplaces","","","","","","","Outdoor","","","","","","","","","","","CAM3437-1SBLLG3","",
"255728737340","ALMO12422","Fireplace","Cambridge","Fireplaces","","","","","","","","","","","","","","","","","","CAM3437-1TEKLG3","",
"265897230428","ALMO12423","Fireplace","Cambridge","Fireplaces","","","","","","","","","","","","","","","","","","CAM3437-1WALLG3","",
"255575064184","ALMO12424","Fireplace","Cambridge","Fireplaces","","","","White","","","","","","","","","","","","","","CAM3437-1WHTLG3","",
"265896891912","ALMO12807","Fireplace","Cambridge","Fireplaces","","","","","","","","","","","","","","","","","","CAM36WMEF-1BR","",
"265887600513","ALMO12808","Fireplace","Cambridge","Fireplaces","","Stainless Steel","","","","","","","","","","","","","","","","CAM36WMEF-1SS","",
"265884188002","ALMO12810","Fireplace","Cambridge","Fireplaces","","Stainless Steel","","","","","","","","","","","","","","","","CAM36WMEF-2SS","",
"255737987543","ALMO11878","Fireplace","Cambridge","Fireplaces","","","","","","","","","","","","","","","","","","CAM5021-1CHRLG3","",
"255737940730","ALMO12427","Fireplace","Cambridge","Fireplaces","","","Stand","","","","","","","","","","","","","","","CAM5021-1MAHLG3","",
"255737877610","ALMO12663","Fireplace","Cambridge","Fireplaces","","","","","","","","","","","","","","","","","","CAM5021-1SBL","",
"255725029709","ALMO12664","Fireplace","Cambridge","Fireplaces","","","","","","","","","","","","","","","","","","CAM5021-1SBLLED","",
"255724950917","ALMO12665","Fireplace","Cambridge","Fireplaces","","","","","","","","","","","","","","","","","","CAM5021-1SBLLG2","",
"265887740654","ALMO12679","Fireplace","Cambridge","Fireplaces","","","","Blue","","","","","","","","","","","","","","CAM5021-1SBLLG3","",
"265887609959","ALMO12429","Fireplace","Cambridge","Fireplaces","","","Stand","","","","","","","","","","","","","","","CAM5021-1WALLG3","",
"265897116702","ALMO11879","Fireplace","Cambridge","Fireplaces","","","","White","","","","","","","","","","","","","","CAM5021-1WHTLG3","",
"255737892575","ALMO12666","Fireplace","Cambridge","Fireplaces","","","","","","","","","","","","","","","","","","CAM5021-2SBL","",
"265887782424","ALMO12668","Fireplace","Cambridge","Fireplaces","","","","","","","","","","","","","","","","","","CAM5021-2SBLLG2","",
"255513502767","CPPF2637","Chimney","CD","Fireplaces","","","","","","","","","","","","","","","","","","14440","",
"255513427258","CPPF2639","Chimney","CD","Fireplaces","","","","","","","","","","","","","","","","","","14470","",
"255529031911","CPPF2609","Chimney","CD","Fireplaces","2","","","","","","","","","","","","","","","","","19024","",
"265669302988","CPPF2640","Chimney","Copperfield","Fireplaces","10","","","","","","","","","","","","","","","","","14480","",
"255509942668","FTCN1252","Chimney","Chimney Saver","Fireplaces","5","","","","","","","","","","","","","","","","","300025","",
"255725157756","ZX9CUIC8788","","Vecindario","Fireplaces","","","","Black","","","","","","","","","","","","","","VE1718466","",
"255737699944","ZX9CUIC8765","","Vecindario","Fireplaces","","","","Black","","","","","","","","","","","","","","VE2107209","",
"255728809934","ZX9CUIC8770","","Vecindario","Fireplaces","","","","Black","","","","","","","","","","","","","","VE1717996","",
"265883943474","ZX9CUIC3049","Chimney","BluePrints","Fireplaces","","","","","","","","","","","","","","","","","","BL2559789","",
"255509740226","DKSM052","","Dickinson Marine","Fireplaces","5","","","","","","","","","","","","","","","","","18-001","",
"265896861532","ZX9CUIC9459","","Vecindario","Fireplaces","","","","","","","","","","","","","","","","","","VE1718002","",
"265884224787","ZX9CUIC9458","","Vecindario","Fireplaces","","","","","","","","","","","","","","","","","","VE1725310","",
"255728879379","ZX9CUIC6387","Fireplace","Mobiliario","Fireplaces","","","","","","","","","","","","","","","","","","MO2559924","",
"255528810050","KGSM821","Chimney","Dura Vent","Fireplaces","12","","","","","","","","","","","","","","","","","12DCA-VC1","",
"255728577970","KGSM1610","","Dura Vent","Fireplaces","3","","","","","","","","","","","","","","","","","3PVP-TAD1","",
"265897126002","KGSM2012","","Dura Vent","Fireplaces","4","","","Black","","","","","","","","","","","","","","4PVP-T3B1","",
"265706918734","CPP17468","","DuraVent","Fireplaces","4","","","","","","","","","","","","","","","","","3584824","",
"265665327991","CPP17482","","DuraVent","Fireplaces","3","","","Black","","","","","","","","","","","","","","3589577","",
"265690781613","CPP17483","","DuraVent","Fireplaces","4","","","","","","","","","","","","","","","","","3589578","",
"265644886031","CPP17485","","DuraVent","Fireplaces","4","","","","","","","","","","","","","","","","","3589580","",
"255534714955","CPP17486","","DuraVent","Fireplaces","4","","","Black","","","","","","","","","","","","","","3589581","",
"265697856752","CUIC3049","Chimney","DuraVent","Fireplaces","","","","","","","","","","","","","","","","","","46DVA-CL33-25","",
"265884223588","ZX9CUIC6232","","Mobiliario","Fireplaces","","","","","","","","","","","","","","","","","","MO2559901","",
"255513130304","CUIC5333","","Empire","Fireplaces","","","","Black","","","","","","","","","","","","","","DF36LBL","",
"265697992938","CUIC5579","","Empire","Fireplaces","","","","Black","","","","","","","","","","","","","","DF48BL","",
"265697792283","CUIC5756","","Empire","Fireplaces","","","","Black","","","","","","","","","","","","","","DF60BL","",
"265673960442","CUIC5728","","Empire","Fireplaces","","","","Black","","","","","","","","","","","","","","DFSL30PBL","",
"265690759635","CUIC4723","","Empire","Fireplaces","","","","","","","","","","","","","","","","","","DRB1","",
"265665517756","CUIC5410","","Empire","Fireplaces","","","","","","","","","","","","","","","","","","DS20433BL","",
"265690808593","CUIC5409","","Empire","Fireplaces","","","","","","","","","","","","","","","","","","DS20763BL","",
"255529017848","CUIC5570","","Empire","Fireplaces","6","","","","","","","","","","","","","","","","","DS2096BL","",
"265695188972","CUIC5341","","Empire","Fireplaces","","","","","","","","","","","","","","","","","","DS28334BL","",
"255528871958","CUIC5408","","Empire","Fireplaces","","","","","","","","","","","","","","","","","","DS28433BL","",
"265669410989","CUIC5635","","Empire","Fireplaces","3","","","","","1 cm","","1 cm","1 cm","1 cm","","","","","","","","DS2863BL","",
"265698035364","CUIC5637","","Empire","Fireplaces","6","","","","","1 cm","","1 cm","1 cm","1 cm","","","","","","","","DS2866BL","",
"255524121852","CUIC5407","","Empire","Fireplaces","","","","","","","","","","","","","","","","","","DS28763BL","",
"255489121659","CUIC5566","","Empire","Fireplaces","6","","","","","","","","","","","","","","","","","DS2896BL","",
"265698017396","CUIC4718","Gas Furnace Blower","Empire","Automatic Blower","1","","","Gray","","","","","","1""","","","Empire DVB1","5","","","","DVB1","",
"255488980321","CUIC6387","Fireplace","Empire","Fireplaces","","","","","","","","","","","","","","","","","","DVEK10","",
"265697871424","CUIC5815","Fireplace","Empire","Fireplaces","","","","Black","","","","","","","","","","","","","","DVFB32SBL","",
"255518145720","CUIC5810","Fireplace","Empire","Fireplaces","","","","Black","","","","","","","","","","","","","","DVFQ36TBL","",
"255513214293","CUIC5181","","Empire","Fireplaces","","","","Black","","","","","","","","","","","","","","DVG1ABL","",
"255541618901","CUIC5183","","Empire","Fireplaces","","","","Black","","","","","","","","","","","","","","DVG1MBL","",
"265684846448","CUIC5185","","Empire","Fireplaces","","","","Black","","","","","","","","","","","","","","DVG2ABL","",
"255513106144","CUIC5207","","Empire","Fireplaces","4","","","","","","","","","","","","","","","","","DVVK4F","",
"265698062539","CUIC6507","","Empire","Fireplaces","","","","","","","","","","","","","","","","","","DVVK4RE","",
"265690480572","CUIC6232","","Empire","Fireplaces","","","","","","","","","","","","","","","","","","DVVK4REVS","",
"255528936416","CUIC6317","","Empire","Fireplaces","","","","","","","","","","","","","","","","","","DVVK4RP","",
"265673951232","CUIC6316","","Empire","Fireplaces","","","","","","","","","","","","","","","","","","DVVK4TP","",
"265668956498","CUIC6314","","Empire","Fireplaces","4","","","","","","","","","","","","","","","","","DVVK4VP","",
"255513267368","CUIC5208","","Empire","Fireplaces","4","","","","","","","","","","","","","","","","","DVVK5F","",
"265674163081","CUIC6311","Fireplace","Empire","Fireplaces","","","","","","","","","","","","","","","","","","DVVK5VP","",
"255489105856","CUIC5754","","Empire","Fireplaces","","","","","","","","","","","","","","","","","","FBB20","",
"255513187290","CUIC5206","Fireplace","Empire","Fireplaces","","","","","","","","","","","","","","","","","","FBB4","",
"255541785914","CUIC6416","","Empire","Fireplaces","","","","","","","","","","","","","","","","","","FBB5","",
"255528889911","CUIC6219","","Empire","Fireplaces","","","","","","","","","","","","","","","","","","FBB6","",
"265644865943","CUIC5236","","Empire","Fireplaces","","","","Black","","","","","","","","","","","","","","FBG36ABL","",
"255541621062","CUIC5238","","Empire","Fireplaces","","","","Black","","","","","","","","","","","","","","FBG36MBL","",
"265690702348","CUIC4827","","Empire","Fireplaces","","","","","","","","","","","","","","","","","","HBW10TN","",
"255539064812","CUIC4824","","Empire","Fireplaces","","","","","","","","","","","","","","","","","","HBW20TL","",
"255513564919","CUIC4823","","Empire","Fireplaces","","","","","","","","","","","","","","","","","","HBW20TN","",
"265673990786","CUIC517","","Empire","Fireplaces","","","","","","","","","","","","","","","","","","PB2","",
"265669297117","CUIC5894","","Empire","Fireplaces","","","","","","","","","","","","","","","","","","RVKN","",
"265684823140","CUIC6272","","Empire","Fireplaces","","","","Black","","","","","","","","","","","","","","SH1BL","",
"265680086218","CUIC5336","","Empire","Fireplaces","","","","Black","","","","","","","","","","","","","","VBS36TBL","",
"265644894670","CUIC6456","","Empire","Fireplaces","","","","Black","","","","","","","","","","","","","","VFR36SCBL","",
"255513567284","CPPF3659","","CD","Fireplaces","5","","","","","","","","","","","","","","","","","32110","",
"265698072655","ZX9CUIC5815","Fireplace","Mobiliario","Fireplaces","","","","Black","","","","","","","","","","","","","","MO1725294","",
"265644859907","CPP12177","","Hargrove","Fireplaces","18","","","","","","","","","","","","","","","","","3577876","",
"255488933387","CPP12178","","Hargrove","Fireplaces","","","","","","","","","","","","","","","","","","3577877","",
"265665355402","CPP12179","","Hargrove","Fireplaces","","","","","","","","","","","","","","","","","","3577878","",
"255534728157","CPPF1519","Chimney","Chimney","Fireplaces","","","","","","","","","","","","","","","","","","48961","",
"255534679022","CPPF5444","","CD","Fireplaces","","","","","","","","","","","","","","","","","","48961","",
"255534474954","CPPF3028","","CD","Fireplaces","","","","","","","","","","","","","","","","","","50100","",
"255539157736","CUIC8281","","HeatStar","Fireplaces","","","","Blue","","","","","","","","","","","","","","HSSVFBF30NGBT","",
"265695303213","CPP4598","","Home Saver","Fireplaces","5","","","","","","","","","","","","","","","","","17528","",
"255518111574","CPP4599","","Home Saver","Fireplaces","5","","","","","","","","","","","","","","","","","17529","",
"255534513365","CPP4600","","Home Saver","Fireplaces","","","","","","","","","","","","","","","","","","17530","",
"255528958547","CPP4604","","Home Saver","Fireplaces","6","","","","","","","","","","","","","","","","","17620","",
"255513212777","CPP4606","","Home Saver","Fireplaces","6","","","","","","","","","","","","","","","","","17628","",
"255534666508","CPP5325","","Home Saver","Fireplaces","","","","","","","","","","","","","","","","","","19048","",
"265695245172","CPP5327","","Home Saver","Fireplaces","","","","","","","","","","","","","","","","","","19075","",
"265674194161","CPP5329","","Home Saver","Fireplaces","","Ceramic","","","","","","","","","","","","","","","","19130","",
"255524251030","CPP5330","","Home Saver","Fireplaces","","Ceramic","","","","","","","","","","","","","","","","19148","",
"255489118543","CPP5331","","Home Saver","Fireplaces","","Ceramic","","","","","","","","","","","","","","","","19160","",
"265690726689","CPP5333","","Home Saver","Fireplaces","","Ceramic","","","","","","","","","","","","","","","","19164","",
"265695188630","CPP5334","","Home Saver","Fireplaces","","Ceramic","","","","","","","","","","","","","","","","19165","",
"255488859192","CPP5335","","Home Saver","Fireplaces","","Ceramic","","","","","","","","","","","","","","","","19166","",
"255541669773","CPP4619","","Home Saver","Fireplaces","7","","","","","","","","","","","","","","","","","20070","",
"255529063524","CPP4620","","Home Saver","Fireplaces","8","","","","","","","","","","","","","","","","","20080","",
"265669261134","CPP4749","","Home Saver","Fireplaces","5","","","","","","","","","","","","","","","","","22220","",
"265698035188","CPP4750","","Home Saver","Fireplaces","5","","","","","","","","","","","","","","","","","22230","",
"255575065864","CPP4753","","Home Saver","Fireplaces","5","","","","","","","","","","","","","","","","","22260","",
"255518080600","CPP4758","","Home Saver","Fireplaces","5","","","","","","","","","","","","","","","","","22410","",
"255528818184","CPP4759","","Home Saver","Fireplaces","3","","","","","","","","","","","","","","","","","22415","",
"265669381064","CPP4760","","Home Saver","Fireplaces","5","","","","","","","","","","","","","","","","","22420","",
"265674028516","CPP4768","","Home Saver","Fireplaces","5","","","","","","","","","","","","","","","","","22640","",
"265679959684","CPPF6774","Chimney","Chimney","Fireplaces","5","","","","","","","","","","","","","","","","","13888","",
"265697874549","CPPF6768","Chimney","Chimney","Fireplaces","3","","","","","","","","","","","","","","","","","13872","",
"255725334604","ZX9CPPF4483","","PerfectPillows","Fireplaces","3","","","","","","","","","","","","","","","","","PE2201505","",
"265897061916","ZX9CPPF4484","","PerfectPillows","Fireplaces","3","","","","","","","","","","","","","","","","","PE2201506","",
"255575124481","CPPF6775","Chimney","Chimney","Fireplaces","5","","","","","","","","","","","","","","","","","13889","",
"255728644992","ZX9CPPF4401","","PerfectPillows","Fireplaces","12","","","","","","","","","","","","","","","","","PE2213222","",
"255728608096","ZX9CPPF129","","PerfectPillows","Fireplaces","12","Stainless Steel","","","","","","","","","","","","","","","","PE2211558","",
"255725221819","ZX9CPPF201","","PerfectPillows","Fireplaces","13","","","","","","","","","","","","","","","","","PE2212311","",
"265897121490","ZX9CPPF4439","Chimney","PerfectPillows","Fireplaces","5","Stainless Steel","","","","","","","","","","","","","","","","PE2214462","",
"255728718068","ZX9CPPF4407","","PerfectPillows","Fireplaces","15","Stainless Steel","","","","","","","","","","","","","","","","PE2215113","",
"255728648034","ZX9CPPF4427","","PerfectPillows","Fireplaces","17","Stainless Steel","","","","","","","","","","","","","","","","PE2211608","",
"265887843732","ZX9CPPF4393","Chimney","PerfectPillows","Fireplaces","17","Stainless Steel","","","","","","","","","","","","","","","","PE2213221","",
"255728939772","ZX9CPPF4474","","PerfectPillows","Fireplaces","3","","","","","","","","","","","","","","","","","PE2214463","",
"255725223824","ZX9CPPF4476","","PerfectPillows","Fireplaces","3","","","","","","","","","","","","","","","","","PE2213224","",
"265887654043","ZX9CPPF4477","","PerfectPillows","Fireplaces","3","","","","","","","","","","","","","","","","","PE2212592","",
"265897216645","ZX9CPPF4478","","PerfectPillows","Fireplaces","3","","","","","","","","","","","","","","","","","PE2213225","",
"255541823546","CPPF6764","Chimney","Chimney","Fireplaces","3","","","","","","","","","","","","","","","","","13864","",
"255725076800","ZX9CPPF4479","","PerfectPillows","Fireplaces","3","","","","","","","","","","","","","","","","","PE2201449","",
"255725107077","ZX9CPPF4480","","PerfectPillows","Fireplaces","3","","","","","","","","","","","","","","","","","PE2211882","",
"265887758474","ZX9CPPF4403","","PerfectPillows","Fireplaces","3","Stainless Steel","","","","","","","","","","","","","","","","PE2547995","",
"265887568058","ZX9CPPF4467","","PerfectPillows","Fireplaces","8","Stainless Steel","","","","","","","","","","","","","","","","PE2213223","",
"255541668265","CPPF6766","Chimney","Chimney","Fireplaces","3","","","","","","","","","","","","","","","","","13868","",
"255728615484","ZX9CPPF4481","","PerfectPillows","Fireplaces","3","","","","","","","","","","","","","","","","","PE2212593","",
"265897180041","ZX9CPPF4530","","PerfectPillows","Fireplaces","9","Stainless Steel","","","","","","","","","","","","","","","","PE2215115","",
"255738059949","ZX9CPPF2051","","PerfectPillows","Fireplaces","3","Stainless Steel","","","","","","","","","","","","","","","","PE2201396","",
"255737807472","ZX9CPPF2053","","PerfectPillows","Fireplaces","3","Stainless Steel","","","","","","","","","","","","","","","","PE2547763","",
"265674184173","CPPF6479","Chimney","Chimney","Fireplaces","7","","","","","","","","","","","","","","","","","15101","",
"265695173120","CPPF2144","","CD","Fireplaces","","","","","","","","","","","","","","","","","","15103","",
"255728600728","ZX9CPPF2144","","PerfectPillows","Fireplaces","","","","","","","","","","","","","","","","","","PE2211574","",
"255509962847","CPPF6422","Chimney","Chimney","Fireplaces","8","","","","","","","","","","","","","","","","","15104","",
"255509973710","CPPF6754","Chimney","Chimney","Fireplaces","6","","","","","","","","","","","","","","","","","14963","",
"265887808243","ZX9CPPF6754","","Ricki&apos;s Rugs","Fireplaces","6","","","","","","","","","","","","","","","","","RI2214506","",
"255737828878","ZX9CPPF4534","","PerfectPillows","Fireplaces","","","","","","","","","","","","","","","","","","PE2214464","",
"265644657826","CPPF4393","","CD","Fireplaces","17","Stainless Steel","","","","","","","","","","","","","","","","11742","",
"265690632341","CPPF4401","","CD","Fireplaces","12","","","","","","","","","","","","","","","","","13055","",
"255541762644","CPPF201","","CD","Fireplaces","13","","","","","","","","","","","","","","","","","13056","",
"265644672300","CPPF4403","","CD","Fireplaces","8","Stainless Steel","","","","","","","","","","","","","","","","13105","",
"265887755960","CPPF129","","CD","Fireplaces","12","Stainless Steel","","","","","","","","","","","","","","","","13108","",
"255513253612","CPPF4407","","CD","Fireplaces","15","Stainless Steel","","","","","","","","","","","","","","","","13112","",
"255529019782","CPPF2051","","CD","Fireplaces","9","Stainless Steel","","","","","","","","","","","","","","","","13115","",
"265884216675","CPPF2053","","CD","Fireplaces","9","Stainless Steel","","","","","","","","","","","","","","","","13116","",
"255518254185","CPPF4427","","CD","Fireplaces","17","Stainless Steel","","","","","","","","","","","","","","","","13250","",
"265644746531","CPPF4439","Chimney","CD","Fireplaces","5","Stainless Steel","","","","","","","","","","","","","","","","13317","",
"265673937892","CPPF4467","","CD","Fireplaces","8","Stainless Steel","","","","","","","","","","","","","","","","13735","",
"265695173930","CPPF4474","","CD","Fireplaces","3","","","","","","","","","","","","","","","","","13838","",
"255518233593","CPPF4476","","CD","Fireplaces","3","","","","","","","","","","","","","","","","","13840","",
"265695266836","CPPF4477","","CD","Fireplaces","3","","","","","","","","","","","","","","","","","13841","",
"265695200215","CPPF4478","","CD","Fireplaces","3","","","","","","","","","","","","","","","","","13842","",
"255539010164","CPPF4479","","CD","Fireplaces","3","","","","","","","","","","","","","","","","","13844","",
"265644704352","CPPF4480","","CD","Fireplaces","3","","","","","","","","","","","","","","","","","13846","",
"255534752607","CPPF4481","","CD","Fireplaces","3","","","","","","","","","","","","","","","","","13848","",
"255575085378","CPPF4482","","CD","Fireplaces","3","","","","","","","","","","","","","","","","","13850","",
"255529010431","CPPF4483","","CD","Fireplaces","3","","","","","","","","","","","","","","","","","13852","",
"265695168366","CPPF4484","","CD","Fireplaces","3","","","","","","","","","","","","","","","","","13854","",
"265679912746","CPPF4530","","CD","Fireplaces","9","Stainless Steel","","","","","","","","","","","","","","","","14909","",
"255528843110","CPPF4534","","CD","Fireplaces","","","","","","","","","","","","","","","","","","14928","",
"265695175419","ZX9CPP4043","","Foyer Supplies","Fireplaces","","","Brush","","","","","","","","","","","","","","","FO1704849","",
"265896998645","ZX9CUIC8990","","Vecindario","Fireplaces","","","","","","","","","","","","","","","","","","VE1720173","",
"265887849465","ZX9CUIC8989","","Vecindario","Fireplaces","","","","","","","","","","","","","","","","","","VE1721804","",
"265896936582","ZX9LIND1455","Chimney","JaggedDesigns","Fireplaces","10","Stainless Steel","","","","","","","","","","","","","","","","JA2608378","",
"265887510932","ZX9LIND1528","Chimney","JaggedDesigns","Fireplaces","","","","","","","","","","","","","","","","","","JA2441272","",
"265887663256","ZX9LIND1523","Chimney","JaggedDesigns","Fireplaces","12","Stainless Steel","","","","","","","","","","","","","","","","JA2608385","",
"265884179795","ZX9LIND1898","Chimney","JaggedDesigns","Fireplaces","13","","","","","","","","","","","","","","","","","JA2608409","",
"255728619202","ZX9LIND1456","Chimney","JaggedDesigns","Fireplaces","","","","","","","","","","","","","","","","","","JA2608379","",
"255725336837","ZX9LIND1545","Chimney","JaggedDesigns","Fireplaces","14","Stainless Steel","","","","","","","","","","","","","","","","JA2608389","",
"265887833096","ZX9LIND1704","Chimney","JaggedDesigns","Fireplaces","14","Stainless Steel","","","","","","","","","","","","","","","","JA2608399","",
"265896857010","ZX9LIND1722","Chimney","JaggedDesigns","Fireplaces","17","Stainless Steel","","","","","","","","","","","","","","","","JA2608400","",
"265883870398","ZX9LIND1774","Chimney","JaggedDesigns","Fireplaces","17","Stainless Steel","","","","","","","","","","","","","","","","JA2608405","",
"265665493353","ZX9LIND1644","Chimney","JaggedDesigns","Fireplaces","","","","","","","","","","","","","","","","","","JA954334","",
"265887577794","ZX9LIND1820","Chimney","JaggedDesigns","Fireplaces","9","","","","","","","","","","","","","","","","","JA2608406","",
"265884218730","ZX9LIND1413","Chimney","JaggedDesigns","Fireplaces","","","","","","","","","","","","","","","","","","JA2608374","",
"265695259356","CPP17559","Chimney","Improved Consumer Products","Fireplaces","10","","","","","","","","","","","","","","","","","3602653","",
"255489028505","CPP17560","Chimney","Improved Consumer Products","Fireplaces","10","","","","","","","","","","","","","","","","","3602654","",
"255541686993","CPP17561","Chimney","Improved Consumer Products","Fireplaces","12","","","","","","","","","","","","","","","","","3602655","",
"255539174571","CPP17563","Chimney","Improved Consumer Products","Fireplaces","6","","","","","","","","","","","","","","","","","3602657","",
"255541724298","CPP17564","Chimney","Improved Consumer Products","Fireplaces","7","","","","","","","","","","","","","","","","","3602658","",
"255541669134","CPP17566","Chimney","Improved Consumer Products","Fireplaces","8","","","","","","","","","","","","","","","","","3602660","",
"265679949145","CPP17567","Chimney","Improved Consumer Products","Fireplaces","8","","","","","","","","","","","","","","","","","3602661","",
"265680174521","CPP17568","Chimney","Improved Consumer Products","Fireplaces","8","","","","","","","","","","","","","","","","","3602662","",
"265665258786","CPP17569","Chimney","Improved Consumer Products","Fireplaces","9","","","","","","","","","","","","","","","","","3602663","",
"255575013431","CPP17580","Chimney","Improved Consumer Products","Fireplaces","9","","","","","","","","","","","","","","","","","3602674","",
"265690483925","CPP17581","Chimney","Improved Consumer Products","Fireplaces","9","","","","","","","","","","","","","","","","","3602675","",
"265695119908","KGSM316","","Kingsman","Fireplaces","3","","","","","","","","","","","","","","","","","IDV36RLH","",
"255539114406","KGSM317","","Kingsman","Fireplaces","3","","","","","","","","","","Traditional","","","","","","","IDV36RLT","",
"255541641724","KGSM554","","Kingsman","Fireplaces","3","","","","","","","","","","Traditional","","","","","","","ZCV39RLT","",
"255534528003","KGSM645","","Kingsman","Fireplaces","3","","","","","","","","","","","","","","","","","ZVF24RLH","",
"255534632034","KGSM652","","Kingsman","Fireplaces","","","","","","","","","","","","","","","","","","ZVF33P","",
"265897178267","LIND2009","","Lindemann","Fireplaces","13","","","","","","","","","","","","","","","","","102033","",
"265729955326","LIND2010","","Lindemann","Fireplaces","13","","","","","","","","","","","","","","","","","102038","",
"265730048856","LIND2011","","Lindemann","Fireplaces","18","","","","","","","","","","","","","","","","","102077","",
"265730053785","LIND2012","","Lindemann","Fireplaces","8","","","","","","","","","","","","","","","","","102087","",
"255575113785","LIND2013","","Lindemann","Fireplaces","8","","","","","","","","","","","","","","","","","102088","",
"255523950008","LIND1528","Chimney","Lindemann","Fireplaces","","","","","","","","","","","","","","","","","","150110","",
"265680056819","LIND1574","Chimney","Lindemann","Fireplaces","","","","","","","","","","","","","","","","","","150112","",
"265679960461","LIND1568","Chimney","Lindemann","Fireplaces","","","","","","","","","","","","","","","","","","150114","",
"255528817622","LIND1456","Chimney","Lindemann","Fireplaces","","","","","","","","","","","","","","","","","","150133","",
"265690612380","LIND1573","Chimney","Lindemann","Fireplaces","13","Stainless Steel","","","","","","","","","","","","","","","","150138","",
"265684868199","LIND1644","Chimney","Lindemann","Fireplaces","","","","","","","","","","","","","","","","","","150188","",
"265695145145","LIND1413","Chimney","Lindemann","Fireplaces","","","","","","","","","","","","","","","","","","150193","",
"265729916304","LIND1547","Chimney","Lindemann","Fireplaces","","","","","","","","","","","","","","","","","","150198","",
"265887822914","LIND1704","Chimney","Lindemann","Fireplaces","14","Stainless Steel","","","","","","","","","","","","","","","","150446","",
"265697936866","LIND1774","Chimney","Lindemann","Fireplaces","17","Stainless Steel","","","","","","","","","","","","","","","","150471","",
"265665274560","LIND1722","Chimney","Lindemann","Fireplaces","17","Stainless Steel","","","","","","","","","","","","","","","","150479","",
"255518272023","LIND1329","Chimney","Lindemann","Fireplaces","6","","","","","","","","","","","","","","","","","150506","",
"265665392735","LIND1886","Chimney","Lindemann","Fireplaces","13","","","","","","","","","","","","","","","","","150733","",
"265896922014","LIND1898","Chimney","Lindemann","Fireplaces","13","","","","","","","","","","","","","","","","","150738","",
"265665346572","LIND1820","Chimney","Lindemann","Fireplaces","9","","","","","","","","","","","","","","","","","150799","",
"265698041349","LIND1455","Chimney","Lindemann","Fireplaces","10","Stainless Steel","","","","","","","","","","","","","","","","151010","",
"255509736899","LIND1523","Chimney","Lindemann","Fireplaces","12","Stainless Steel","","","","","","","","","","","","","","","","151012","",
"255509840736","LIND1545","Chimney","Lindemann","Fireplaces","14","Stainless Steel","","","","","","","","","","","","","","","","151014","",
"255528916778","LIND1531","","Lindemann","Fireplaces","6","","","","","","","","","","","","","","","","","322606","",
"255529063130","LIND1577","","Lindemann","Fireplaces","8","","","","","","","","","","","","","","","","","322608","",
"255513554892","LIND1492","","Lindemann","Fireplaces","","","","","","","","","","","","","","","","","","323001","",
"265665420256","LIND1525","Chimney","Lindemann","Fireplaces","8","","Brush","","","","","","","","","","","","","","","562282","",
"255575061259","LIND3449","","Lindemann","Fireplaces","9","","","","","","","","","","","","","","","","","TD913","",
"265730044508","LIND3448","","Lindemann","Fireplaces","8","","","","","","","","","","","","","","","","","TDP88","",
"265729967834","LIND3453","","Lindemann","Fireplaces","9","","","","","","","","","","","","","","","","","TDP913","",
"255541588175","KSAO632330","Fireplace","Lippert Components","Fireplaces","","","","","","","","","","","","","","","","","","M6V-696011","",
"265690532291","CPPF6961","","Lock-Top","Fireplaces","8","","","","","","","","","","","","","","","","","09100","",
"265690595260","CPPF6966","","Lock-Top","Fireplaces","8","","","","","","","","","","","","","","","","","09110","",
"265695162694","CPPF6990","","Lock-Top","Fireplaces","13","","","","","","","","","","","","","","","","","09125","",
"255509719546","CPPF7000","Chimney","Lock-Top","Fireplaces","8","","","","","","","","","","","","","","","","","09503","",
"265674020110","CPPF7013","Chimney","Lock-Top","Fireplaces","8","","","","","","","","","","","","","","","","","09505","",
"255488907475","CPPF7011","Chimney","Lock-Top","Fireplaces","13","","","","","","","","","","","","","","","","","09509","",
"265695175697","CPPF7028","Chimney","Lock-Top","Fireplaces","17","","","","","","","","","","","","","","","","","09510","",
"265697873520","CPP5087","Chimney","Lock-Top","Fireplaces","8","","","","","","","","","","","","","","","","","09115","",
"265684591257","CPP5088","Chimney","Lock-Top","Fireplaces","13","","","","","","","","","","","","","","","","","09120","",
"265644768338","CPP5090","","Lock-Top","Fireplaces","17","Stainless Steel","","","","","","","","","","","","","","","","09130","",
"255534587885","CPP5091","Chimney","Lock-Top","Fireplaces","8","Stainless Steel","","","","","","","","","","","","","","","","09512","",
"265684852621","CPP17373","","Love-Less Ash","Fireplaces","","","","","","","","","","","","","","","","","","3581937","",
"265665503954","CPPF5571","","CD","Fireplaces","12","","","","","","","","","","","","","","","","","12116","",
"265884012172","ZX9CPPF5571","","PerfectPillows","Fireplaces","12","","","","","","","","","","","","","","","","","PE2548074","",
"255728945864","ZX9CPPF5573","","PerfectPillows","Fireplaces","13","","","","","","","","","","","","","","","","","PE2548076","",
"265887706328","ZX9CPPF5572","","PerfectPillows","Fireplaces","17","","","","","","","","","","","","","","","","","PE2548075","",
"255488973495","CPPF5572","","CD","Fireplaces","17","","","","","","","","","","","","","","","","","12117","",
"255728721394","ZX9CPPF5570","","PerfectPillows","Fireplaces","8","","","","","","","","","","","","","","","","","PE2548073","",
"265644870574","CPPF5570","","CD","Fireplaces","8","","","","","","","","","","","","","","","","","12110","",
"265669089427","CPPF5568","","CD","Fireplaces","8","","","","","","","","","","","","","","","","","12108","",
"265669234855","CPPF5581","","CD","Fireplaces","13","","","","","","","","","","","","","","","","","12412","",
"265887744031","ZX9CPPF5471","","PerfectPillows","Fireplaces","8","","","","","","","","","","","","","","","","","PE2548065","",
"255528974483","CPPF9561","Chimney","M & G Duravent","Fireplaces","6","","","","","","","","","","","","","","","","","2465569","",
"255509924584","CPPF9565","Chimney","M & G Duravent","Fireplaces","8","","","","","","","","","","","","","","","","","2465570","",
"265684574555","CPPF7405","","M & G Duravent","Fireplaces","3","","","","","","","","","","","","","","","","","103309","",
"255513052987","CPPF7409","","M & G Duravent","Fireplaces","3","","","","","","","","","","","","","","","","","103313","",
"265665322092","CPPF5795","Chimney","Chimney","Fireplaces","3","","","","","","","","","","","","","","","","","105024","",
"265887859409","ZX9CPPF5795","","Ricki&apos;s Rugs","Fireplaces","3","","","","","","","","","","","","","","","","","RI2548103","",
"265887752447","ZX9CPPF567","Chimney","PerfectPillows","Fireplaces","","","","","","","","","","","","","","","","","","PE2548080","",
"255523973311","CPPF567","Chimney","CD","Fireplaces","","","","","","","","","","","","","","","","","","68805","",
"255724971166","ZX9CPPF2310","","PerfectPillows","Fireplaces","","","","","","","","","","","","","","","","","","PE2212320","",
"265684729314","CPPF2310","","CD","Fireplaces","","","","","","","","","","","","","","","","","","69456","",
"255738019661","ZX9CPPF2311","Chimney","PerfectPillows","Fireplaces","","","","","","","","","","","","","","","","","","PE2212557","",
"265673954011","CPPF2311","Chimney","CD","Fireplaces","","","","","","","","","","","","","","","","","","69470","",
"265644780241","CPPF2314","Chimney","CD","Fireplaces","","","","","","","","","","","","","","","","","","69474","",
"265669109775","CPPF2316","","CD","Fireplaces","","","","","","","","","","","","","","","","","","69459","",
"265690678579","CPPF7408","","M & G Duravent","Fireplaces","4","","","","","","","","","","","","","","","","","103314","",
"255524208599","CPPF7401","","M & G Duravent","Fireplaces","4","","","","","","","","","","","","","","","","","103310","",
"265665329888","CPPF7412","","M & G Duravent","Fireplaces","4","","","","","","","","","","","","","","","","","103317","",
"265697852990","CPPF1993","Chimney","Chimney","Fireplaces","6","","","","","36 in","","36 in","","36 in","","","DuraVent 6DP-36SSCF","","","","","69600","",
"265884110050","ZX9CPPF1262","","PerfectPillows","Fireplaces","6","","","","","","","","","","","","","","","","","PE2547662","",
"265684790972","CPPF1262","","CD","Fireplaces","6","","","","","","","","","","","","","","","","","69620","",
"255513140161","CPPF7396","Chimney","M & G Duravent","Fireplaces","5","","","","","","","","","","","","","","","","","68206","",
"255724994580","ZX9CPPF5453","Chimney","PerfectPillows","Fireplaces","5","","","","","","","","","","","","","","","","","PE2548062","",
"265668926875","CPPF5453","Chimney","CD","Fireplaces","5","","","","","","","","","","","","","","","","","68208","",
"265684843026","CPPF6319","Chimney","Chimney","Fireplaces","","","","","","","","","","","","","","","","","","68210","",
"265695078739","CPPF1736","Chimney","Chimney","Fireplaces","","","","","","","","","","","","","","","","","","68212","",
"255738042967","ZX9CPPF1737","","Ricki&apos;s Rugs","Fireplaces","","","","","","","","","","","","","","","","","","RI2547711","",
"265669210517","CPPF1737","Chimney","Chimney","Fireplaces","","","","","","","","","","","","","","","","","","68214","",
"255523968025","CPPF5797","Chimney","Chimney","Fireplaces","3","","","","","","","","","","","","","","","","","105026","",
"265887679176","ZX9CPPF3987","Chimney","PerfectPillows","Fireplaces","8","","","","","","","","","","","","","","","","","PE2547949","",
"255728757530","CPPF1849","Chimney","Chimney","Fireplaces","8","","","","","","","","","","","","","","","","","69188","",
"255509929317","CPP5096","","M&G Duravent","Fireplaces","4","","","","","","","","","","","","","","","","","103294","",
"265695287559","CPP5097","","M&G Duravent","Fireplaces","6","","","","","","","","","","","","","","","","","103301","",
"255539038751","CPP5506","","M&G Duravent","Fireplaces","4","","","","","","","","","","","","","","","","","2473691","",
"265684773691","CPP5517","","M&G Duravent","Fireplaces","4","","","","","","","","","","","","","","","","","2477096","",
"265644834771","CPP5586","","M&G Duravent","Fireplaces","9","","","","","","","","","","","","","","","","","69100","",
"265887826898","CPP5600","","M&G Duravent","Fireplaces","10","","","","","","","","","","","","","","","","","70891","",
"255541686537","ZX9CUIC8674","","Terreno","Fireplaces","","","","Black","","","","","","","","","","","","","","TE1725301","",
"265669250500","CUIC8770","","Majestic","Fireplaces","","","","Black","","","","","","","","","","","","","","CFT-48-BK-C","",
"255534627751","CUIC8775","","Majestic","Fireplaces","","","","Black","","","","","","","","","","","","","","CFT-60-BK-C","",
"255518034151","CUIC8788","","Majestic","Fireplaces","","","","Black","","","","","","","","","","","","","","CFTF-42-BK","",
"265690585839","CUIC8796","","Majestic","Fireplaces","2","","","","","","","","","","Contemporary","","","","","","","CK36","",
"255575061619","CUIC8982","","Majestic","Fireplaces","","","","","","","","","","","","","","","","","","DVP-HVTK","",
"255528804140","CUIC8985","","Majestic","Fireplaces","","","","","","","","","","","","","","","","","","DVP-RVTK","",
"265695221210","CUIC8989","","Majestic","Fireplaces","","","","","","","","","","","","","","","","","","DVP-TRAP1","",
"265690475779","CUIC8990","","Majestic","Fireplaces","","","","","","","","","","","","","","","","","","DVP-TRAP2","",
"265669231224","CUIC8995","","Majestic","Fireplaces","","","","","","","","","","","","","","","","","","DVP-TV","",
"265665344094","CUIC9458","","Majestic","Fireplaces","","","","","","","","","","","","","","","","","","LINK-DV30B","",
"255529075180","CUIC9459","","Majestic","Fireplaces","","","","","","","","","","","","","","","","","","LINK-DV4-30B","",
"265695142866","CUIC9460","","Majestic","Fireplaces","","","","","","","","","","","","","","","","","","LINKSQB-DV30","",
"265697975182","CUIC9769","","Majestic","Fireplaces","","","","Black","","","","","","","","","","","","","","MI30-4027-BK","",
"265887718720","CUIC10173","","Majestic","Fireplaces","","","","","","","","","","","","","","","","","","SLP-RVTK","",
"265887584242","CUIC10212","","Majestic","Fireplaces","","","","Black","","","","","","","","","","","","","","ST375","",
"255524254425","CUIC10239","","Majestic","Fireplaces","","","","","","","","","","","","","","","","","","TR11","",
"265695295870","CUIC10240","","Majestic","Fireplaces","","","","","","","","","","","","","","","","","","TR11T-B","",
"265695253453","CUIC10300","","Majestic","Fireplaces","","","","","","","","","","","","","","","","","","VFC24TK","",
"255528907339","KSAO428021","","M.C.ENTERPRZ","Fireplaces","","","","","","","","","","","","","","","","","","M6A-160922MC","",
"265883808857","MINM638","","Minuteman","Fireplaces","","","","","","","","","","","","","","","","","","CFB-09","",
"265883953737","ZX9CUIC5238","","Mobiliario","Fireplaces","","","","Black","","","","","","","","","","","","","","MO2559861","",
"255518204498","CUIC8655","","Monessen","Fireplaces","","","","","","","","","","","","","","","","","","BLO24T","",
"265674182513","CUIC8674","","Monessen","Fireplaces","","","","Black","","","","","","","","","","","","","","BMGVFC24C","",
"255513563765","CUIC9244","","Monessen","Fireplaces","","","","","","","","","","","","","","","","","","GFK-160T","",
"255513550263","CUIC10319","","Monessen","Fireplaces","","","","Black","","","","","","","","","","","","","","VFICFSS","",
"265680045720","CPP17624","","Mongoose Metals","Fireplaces","8","","","","","","","","","","","","","","","","","3602644","",
"255513103405","CPP17626","","Mongoose Metals","Fireplaces","10","","","","","","","","","","","","","","","","","3602646","",
"255489026978","CPP17628","","Mongoose Metals","Fireplaces","7","","","","","","","","","","","","","","","","","3602648","",
"265897205217","CPP17629","","Mongoose Metals","Fireplaces","8","","","","","","","","","","","","","","","","","3602649","",
"255725011248","CPP17630","","Mongoose Metals","Fireplaces","9","","","","","","","","","","","","","","","","","3602650","",
"265896862047","ZX9CUIC5728","","Mobiliario","Fireplaces","","","","Black","","","","","","","","","","","","","","MO2559879","",
"255483935211","TRDMR53612","","Northwest","Firepits & Outdoor Fireplaces","","","","","","","","","","","","","","","","","","80-2000A-54","",
"255539216384","TRDMR55378","Fireplace","Northwest","Fireplaces","","","","Black","","","","","","","","","","","","","","80-455S","",
"265644801333","CPP18488","","Olympia","Fireplaces","5","","","","","","","","","","","","","","","","","3600902","",
"255524126710","CPP18489","","Olympia","Fireplaces","5","","","","","","","","","","","","","","","","","3600903","",
"255539049536","CPP18570","","Olympia","Fireplaces","6","","","","","","","","","","","","","","","","","3600984","",
"255513540045","CPP20015","","Olympia","Fireplaces","3","Stainless Steel","","","","","","","","","","","","","","","","3602651","",
"255513527474","CPP20096","","Olympia","Fireplaces","13","Stainless Steel","","","","","","","","","","","","","","","","3602756","",
"265697992326","CPP20097","","Olympia","Fireplaces","13","Stainless Steel","","","","","","","","","","","","","","","","3602757","",
"265697954108","CPP20098","","Olympia","Fireplaces","8","Stainless Steel","","","","","","","","","","","","","","","","3602758","",
"265690628001","CPP20099","","Olympia","Fireplaces","8","Stainless Steel","","","","","","","","","","","","","","","","3602759","",
"255488867382","CPP20105","","Olympia","Fireplaces","8","Stainless Steel","","","","","","","","","","","","","","","","3602767","",
"255541823780","CPP20106","","Olympia","Fireplaces","8","Stainless Steel","","","","","","","","","","","","","","","","3602768","",
"265669323895","CPP20107","","Olympia","Fireplaces","13","Stainless Steel","","","","","","","","","","","","","","","","3602769","",
"265697865698","CPP20194","","Olympia","Fireplaces","9","Stainless Steel","","","","","","","","","","","","","","","","3602890","",
"265669228254","CPP20195","","Olympia","Fireplaces","7","Stainless Steel","","","","","","","","","","","","","","","","3602891","",
"265684652456","CPP20196","","Olympia","Fireplaces","8","Stainless Steel","","","","","","","","","","","","","","","","3602892","",
"265695121487","CPP20197","","Olympia","Fireplaces","10","Stainless Steel","","","","","","","","","","","","","","","","3602893","",
"265698069710","CPP20198","","Olympia","Fireplaces","11","Stainless Steel","","","","","","","","","","","","","","","","3602894","",
"265698019907","CPP20199","","Olympia","Fireplaces","12","Stainless Steel","","","","","","","","","","","","","","","","3602895","",
"255513155444","CPP20200","","Olympia","Fireplaces","14","Stainless Steel","","","","","","","","","","","","","","","","3602896","",
"255728607526","CPP20492","","Olympia","Fireplaces","","","","","","","","","","","","","","","","","","3603648","",
"255575013341","CPP20493","","Olympia","Fireplaces","","","","","","","","","","","","","","","","","","3603649","",
"265665511130","CPP20514","","Olympia","Fireplaces","20","","","","","","","","","","","","","","","","","3603670","",
"255513252746","CPP21340","","Olympia","Fireplaces","8","","","","","","","","","","","","","","","","","3607345","",
"255541808286","CPP21347","","Olympia","Fireplaces","4","","","","","","","","","","","","","","","","","3607352","",
"265897251985","ZX9ALMO12678","Fireplace","BluePrints","Fireplaces","","","","","","","Outdoor","","","","","","","","","","","BL2519538","",
"265673966157","NRNTL27323","","Pleasant Hearth Warming","Fireplaces","","","","","","","","","","","","","","","","","","52651","",
"255541865682","ZX9LIND1531","","JaggedDesigns","Fireplaces","6","","","","","","","","","","","","","","","","","JA1593486","",
"255524124755","ZX9LIND1577","","JaggedDesigns","Fireplaces","8","","","","","","","","","","","","","","","","","JA1586534","",
"255488852318","ZX9LIND1492","","JaggedDesigns","Fireplaces","","","","","","","","","","","","","","","","","","JA1372237","",
"255737897208","ZX9CUIC8985","","Vecindario","Fireplaces","","","","","","","","","","","","","","","","","","VE1718734","",
"265887713072","ZX9CPP4701","","HearthStone Furniture","Fireplaces","","","","","","","","","","","","","","","","","","HE2212516","",
"255524007120","CUIC10758","","Ridgid","Fireplaces","","Stainless Steel","","","","","","","","","","","","","","","","QMP-31228","",
"265690616830","ZX9ORGL28350","","Designs-Done-Right","Fireplaces","","","","","Triple Wall","","","","","","","","","","","","","DE107408","",
"265697918684","CPPF5598","","Copperfield","Fireplaces","","","","","","","","","","","","","","","","","","24585","",
"255513495302","CPPF2283","","CD","Fireplaces","2","","","","","","","","","","","","","","","","","24565","",
"265887845633","ZX9CPPF4983","","PerfectPillows","Fireplaces","11","","Brush","","","","","","","","","","","","","","","PE2201516","",
"265887584500","CPPF4984","","CD","Fireplaces","12","","Brush","","","","","","","","","","","","","","","23149","",
"255728581230","ZX9CPPF4984","","PerfectPillows","Fireplaces","12","","Brush","","","","","","","","","","","","","","","PE2548034","",
"265697846451","CPPF4989","","CD","Fireplaces","14","","Brush","","","","","","","","","","","","","","","23328","",
"255509962674","CPP21016","Chimney","Selkirk","Fireplaces","8","","","","","","","","","","","","","","","","","3601618","",
"255534537508","CPP21017","Chimney","Selkirk","Fireplaces","8","","","","","","","","","","","","","","","","","3601619","",
"255737680038","ZX9CPPF427","","PerfectPillows","Fireplaces","3","","","","","","","","","","","","","","","","","PE2547988","",
"265698016382","CPPF427","","CD","Fireplaces","3","","","","","","","","","","","","","","","","","77106","",
"255513031288","CPPF5500","","CD","Fireplaces","3","","","","","","","","","","","","","","","","","77107","",
"255534742493","CPPF6744","Chimney","Chimney","Fireplaces","3","","","","","","","","","","","","","","","","","77107","",
"265644773123","CPPF5501","","CD","Fireplaces","3","","","","","","","","","","","","","","","","","77108","",
"265669193318","CPPF6258","Chimney","Chimney","Fireplaces","3","","","","","","","","","","","","","","","","","77108","",
"265884111868","ZX9CPPF5506","","PerfectPillows","Fireplaces","4","","","","","","","","","","","","","","","","","PE2548069","",
"255524223749","CPPF5506","","CD","Fireplaces","4","","","","","","","","","","","","","","","","","77113","",
"255534588251","CPPF2245","Chimney","Chimney","Fireplaces","4","","","","","","","","","","","","","","","","","77113","",
"255738039654","ZX9CPPF2245","","Ricki&apos;s Rugs","Fireplaces","4","","","","","","","","","","","","","","","","","RI2547807","",
"255539228144","CPPF5507","","CD","Fireplaces","4","","","","","","","","","","","","","","","","","77114","",
"255728929162","ZX9CPPF5507","","PerfectPillows","Fireplaces","4","","","","","","","","","","","","","","","","","PE2214490","",
"255728902926","ZX9CPPF2246","","Ricki&apos;s Rugs","Fireplaces","4","","","","","","","","","","","","","","","","","RI2547808","",
"255518146033","CPPF2246","Chimney","Chimney","Fireplaces","4","","","","","","","","","","","","","","","","","77114","",
"265887846348","ZX9CPPF5508","","PerfectPillows","Fireplaces","4","","","","","","","","","","","","","","","","","PE2212621","",
"265887847197","ZX9CPPF2247","","Ricki&apos;s Rugs","Fireplaces","4","","","","","","","","","","","","","","","","","RI2547809","",
"255528941558","CPPF2247","Chimney","Chimney","Fireplaces","4","","","","","","","","","","","","","","","","","77117","",
"265680106140","CPPF5508","","CD","Fireplaces","4","","","","","","","","","","","","","","","","","77117","",
"255724908988","ZX9CPPF5525","","PerfectPillows","Fireplaces","5","","","","","","","","","","","","","","","","","PE2201539","",
"255524083194","CPPF5525","","CD","Fireplaces","5","","","","","","","","","","","","","","","","","77139","",
"265679922580","CPPF6759","Chimney","Chimney","Fireplaces","5","","","","","","","","","","","","","","","","","77139","",
"265674075558","CPPF5512","","CD","Fireplaces","5","","","","","","","","","","","","","","","","","77123","",
"265884022981","CPPF2251","Chimney","Chimney","Fireplaces","5","","","","","","","","","","","","","","","","","77123","",
"265884170811","ZX9CPPF2251","","Ricki&apos;s Rugs","Fireplaces","5","","","","","","","","","","","","","","","","","RI2547811","",
"265887624226","CPPF5526","","CD","Fireplaces","5","","","","","","","","","","","","","","","","","77140","",
"255737968838","CPPF6325","Chimney","Chimney","Fireplaces","5","","","","","","","","","","","","","","","","","77140","",
"265883948424","ZX9CPPF5527","","PerfectPillows","Fireplaces","","","","","","","","","","","","","","","","","","PE2211907","",
"265669244606","CPPF5527","","CD","Fireplaces","","","","","","","","","","","","","","","","","","77141","",
"265644671025","CPPF6306","Chimney","Chimney","Fireplaces","","","","","","","","","","","","","","","","","","77141","",
"255541747382","CPPF5514","","CD","Fireplaces","","","","","","","","","","","","","","","","","","77127","",
"255518074030","CPPF5740","Chimney","Chimney","Fireplaces","","","","","","","","","","","","","","","","","","77127","",
"255737681913","ZX9CPPF5518","","PerfectPillows","Fireplaces","6","","","","","","","","","","","","","","","","","PE2548071","",
"265695281685","CPPF5518","","CD","Fireplaces","6","","","","","","","","","","","","","","","","","77131","",
"265698048661","CPPF6321","Chimney","Chimney","Fireplaces","6","","","","","","","","","","","","","","","","","77131","",
"255737933620","ZX9CPPF6339","","Ricki&apos;s Rugs","Fireplaces","6","","","","","","","","","","","","","","","","","RI2548196","",
"265669078586","CPPF5519","","CD","Fireplaces","6","","","","","","","","","","","","","","","","","77132","",
"265674183191","CPPF6339","Chimney","Chimney","Fireplaces","6","","","","","","","","","","","","","","","","","77132","",
"265644748857","CPPF6337","Chimney","Chimney","Fireplaces","7","","","","","","","","","","","","","","","","","77135","",
"265695180145","CPPF5522","","CD","Fireplaces","7","","","","","","","","","","","","","","","","","77135","",
"255534538228","CPPF5523","","CD","Fireplaces","7","","","","","","","","","","","","","","","","","77137","",
"265896899721","ZX9CPPF5523","","PerfectPillows","Fireplaces","7","","","","","","","","","","","","","","","","","PE2214492","",
"255513410568","CPPF6437","Chimney","Chimney","Fireplaces","7","","","","","","","","","","","","","","","","","77137","",
"265887795944","ZX9CPPF5329","","PerfectPillows","Fireplaces","6","","","","","","","","","","","","","","","","","PE2212611","",
"265669087522","CPPF5329","","CD","Fireplaces","6","","","","","","","","","","","","","","","","","21049","",
"255539024845","CPPF5334","","CD","Fireplaces","7","","","","","","","","","","","","","","","","","21069","",
"255728897182","ZX9CPPF5337","","PerfectPillows","Fireplaces","8","","","","","","","","","","","","","","","","","PE2212612","",
"255728867126","CPPF5337","","CD","Fireplaces","8","","","","","","","","","","","","","","","","","21078","",
"255728901701","ZX9CPPF1222","","Ricki&apos;s Rugs","Fireplaces","3","","","","","","","","","","","","","","","","","RI2211557","",
"265690487433","CPPF1222","Chimney","Chimney","Fireplaces","3","","","","","","","","","","","","","","","","","21083","",
"255509894150","CPPF5340","","CD","Fireplaces","8","","","","","","","","","","","","","","","","","21089","",
"265897005986","ZX9CPPF5340","","PerfectPillows","Fireplaces","8","","","","","","","","","","","","","","","","","PE2214477","",
"255725119651","ZX9CPPF5404","","PerfectPillows","Fireplaces","10","","","","","36 in","","36 in","","36 in","","","","","","","","PE2548061","",
"255523930381","CPPF5404","","CD","Fireplaces","10","","","","","36 in","","36 in","","36 in","","","","","","","","21992","",
"255728862592","ZX9CPPF6472","","Ricki&apos;s Rugs","Fireplaces","2","","","","","","","","","","","","","","","","","RI2211917","",
"255509742181","CPPF6472","Chimney","Chimney","Fireplaces","2","","","","","","","","","","","","","","","","","21993","",
"265897050849","ZX9CPPF5347","","PerfectPillows","Fireplaces","11","","","","","","","","","","","","","","","","","PE2211899","",
"255518100677","CPPF5347","","CD","Fireplaces","11","","","","","","","","","","","","","","","","","21260","",
"255528840925","CPPF5348","","CD","Fireplaces","11","","","","","36 in","","36 in","","36 in","","","","","","","","21261","",
"265887507649","ZX9CPPF5348","","PerfectPillows","Fireplaces","11","","","","","36 in","","36 in","","36 in","","","","","","","","PE2213251","",
"255534616207","CPPF5349","","CD","Fireplaces","11","","","","","","","","","","","","","","","","","21263","",
"255534615167","CPPF6449","Chimney","Chimney","Fireplaces","4","","","","","","","","","","","","","","","","","21530","",
"255737662203","ZX9CPPF6449","","Ricki&apos;s Rugs","Fireplaces","4","","","","","","","","","","","","","","","","","RI2214503","",
"255513278951","CPPF1230","Chimney","Chimney","Fireplaces","6","","","","","","","","","","","","","","","","","21630","",
"255728632562","ZX9CPPF1230","","Ricki&apos;s Rugs","Fireplaces","6","","","","","","","","","","","","","","","","","RI2199363","",
"255728787758","ZX9CPPF1231","","Ricki&apos;s Rugs","Fireplaces","7","","","","","","","","","","","","","","","","","RI2213178","",
"265695181907","CPPF1231","Chimney","Chimney","Fireplaces","7","","","","","","","","","","","","","","","","","21730","",
"265665339357","CPPF6468","Chimney","Chimney","Fireplaces","7","","","","","","","","","","","","","","","","","21735","",
"265897090486","ZX9CPPF6468","","Ricki&apos;s Rugs","Fireplaces","7","","","","","","","","","","","","","","","","","RI2212634","",
"255725293118","ZX9CPPF6557","","Ricki&apos;s Rugs","Fireplaces","8","","","","","","","","","","","","","","","","","RI2201550","",
"265695177920","CPPF6557","Chimney","Chimney","Fireplaces","8","","","","","","","","","","","","","","","","","21837","",
"265887868308","CPPF5382","","CD","Fireplaces","8","","","","","36 in","","36 in","","36 in","","","","","","","","21825","",
"265887533157","ZX9CPPF5382","","PerfectPillows","Fireplaces","8","","","","","36 in","","36 in","","36 in","","","","","","","","PE2548058","",
"255728686503","ZX9CPPF5387","","PerfectPillows","Fireplaces","8","","","","","","","","","","","","","","","","","PE2213254","",
"265887717256","CPPF5387","","CD","Fireplaces","8","","","","","","","","","","","","","","","","","21860","",
"255737692725","ZX9CPPF5398","","PerfectPillows","Fireplaces","9","","","","","36 in","","36 in","","36 in","","","","","","","","PE2201476","",
"255489080965","CPPF5398","","CD","Fireplaces","9","","","","","36 in","","36 in","","36 in","","","","","","","","21925","",
"255524202834","CPPF6446","Chimney","Chimney","Fireplaces","9","","","","","","","","","","","","","","","","","21930","",
"265674033224","CPPF6717","Chimney","Chimney","Fireplaces","2","","","","","","","","","","","","","","","","","21998","",
"255728744398","ZX9CPPF6717","","Ricki&apos;s Rugs","Fireplaces","2","","","","","","","","","","","","","","","","","RI2211644","",
"255534621723","CPPF6742","Chimney","Chimney","Fireplaces","2","","","","","","","","","","","","","","","","","21268","",
"255489072766","CPPF6751","Chimney","Chimney","Fireplaces","2","","","","","","","","","","","","","","","","","21223","",
"255724952674","ZX9CPPF6751","","Ricki&apos;s Rugs","Fireplaces","2","","","","","","","","","","","","","","","","","RI2215155","",
"255725203764","ZX9CPPF6288","","Ricki&apos;s Rugs","Fireplaces","4","","","","","","","","","","","","","","","","","RI2211639","",
"255534742190","CPPF6288","Chimney","Chimney","Fireplaces","4","","","","","","","","","","","","","","","","","21790","",
"265690679439","CPPF6275","Chimney","Chimney","Fireplaces","4","","","","","","","","","","","","","","","","","21890","",
"255728620231","ZX9CPPF5330","","PerfectPillows","Fireplaces","6","","","","","","","","","","","","","","","","","PE2211620","",
"265887511345","ZX9CPPF5376","","PerfectPillows","Fireplaces","7","","","","","","","","","","","","","","","","","PE2201530","",
"265884017903","ZX9CPPF5339","","PerfectPillows","Fireplaces","8","","","","","","","","","","","","","","","","","PE2212613","",
"255725206751","ZX9CPPF5388","","PerfectPillows","Fireplaces","8","","","","","","","","","","","","","","","","","PE2201475","",
"265668953994","CPPF5322","","CD","Fireplaces","7","","","","","","","","","","","","","","","","","21013","",
"255528978038","CPPF5330","","CD","Fireplaces","6","","","","","","","","","","","","","","","","","21051","",
"265697968519","CPPF5339","","CD","Fireplaces","8","","","","","","","","","","","","","","","","","21084","",
"265690583004","CPPF5375","","CD","Fireplaces","7","","","","","","","","","","","","","","","","","21770","",
"255513467690","CPPF5388","","CD","Fireplaces","8","","","","","","","","","","","","","","","","","21870","",
"265884119656","ZX9ALMO11879","Fireplace","BluePrints","Fireplaces","","","Stand","White","","","","","","","","","","","","","","BL2519514","",
"255539175942","CUIC11194","Fireplace","SkyTech","Fireplaces","","","","","","","","","","","","","","","","","","5301P","",
"265684673656","CUIC10179","","SLP","Fireplaces","","","","","","","","","","","","","","","","","","SLP-TRAP2","",
"255539172695","CUIC10180","","SLP","Fireplaces","","","","","","","","","","","","","","","","","","SLP-TRAPK1","",
"255523941122","CUIC10183","","SLP","Fireplaces","","","","","","","","","","","","","","","","","","SLP-TVHW","",
"255728715906","ZX9AWFP030","","Designs-Done-Right","Fireplaces","","","","White","","","","","","","","","","","","","","DE2523620","",
"265668929494","ZX9CUIC5336","","Mobiliario","Fireplaces","","","","Black","","","","","","","","","","","","","","MO1721788","",
"265697828525","FTCN2168","Chimney","Superior","Fireplaces","12","","","","","","","","","","","","","","","","","30E-12DM","",
"255509790600","CUIC13266","","Superior","Fireplaces","","","","","","","","","","","","","","","","","","DIAMANTE","",
"255725328973","ZX9CUIC6272","","Mobiliario","Fireplaces","","","","Black","","","","","","","","","","","","","","MO2559902","",
"265665388846","ZX9KGSM554","","Esfera","Fireplaces","3","","","","","","","","","","Traditional","","","","","","","ES1811072","",
"265883940086","ZX9CUIC10300","","Vecindario","Fireplaces","","","","","","","","","","","","","","","","","","VE1718708","",
"265897218486","ZX9CUIC5754","","Mobiliario","Fireplaces","","","","","","","","","","","","","","","","","","MO2559880","",
"255513120082","CPP14524","Fireplace","US FIREPLACE PRODUCTS","Fireplaces","8","","","","","","","","","","","","","","","","","3577266","",
"265684601691","CPP14533","Fireplace","US FIREPLACE PRODUCTS","Fireplaces","8","","","","","","","","","","","","","","","","","3577275","",
"265684850943","CPP14534","Fireplace","US FIREPLACE PRODUCTS","Fireplaces","8","","","","","","","","","","","","","","","","","3577276","",
"265668959178","CPP14535","Fireplace","US FIREPLACE PRODUCTS","Fireplaces","9","","","","","","","","","","","","","","","","","3577277","",
"255518223455","CPP14536","Fireplace","US FIREPLACE PRODUCTS","Fireplaces","13","","","","","","","","","","","","","","","","","3577278","",
"265684592673","CPP14537","Fireplace","US FIREPLACE PRODUCTS","Fireplaces","13","","","","","","","","","","","","","","","","","3577279","",
"255523998025","CPP14538","Fireplace","US FIREPLACE PRODUCTS","Fireplaces","18","","","","","","","","","","","","","","","","","3577280","",
"255541638259","CPP21030","Fireplace","US FIREPLACE PRODUCTS","Fireplaces","18","","","","","","","","","","","","","","","","","3602857","",
"255728831710","ZX9CUIC6507","","Mobiliario","Fireplaces","","","","","","","","","","","","","","","","","","MO2559936","",
"265896894009","ZX9CUIC13300","","Accesorios","Fireplaces","","","","","","","","","","","","","","","","","","AC1721430","",
"265896939680","ZX9CUIC8995","","Vecindario","Fireplaces","","","","","","","","","","","","","","","","","","VE1721463","",
"265897097508","ZX9NRNTL27323","","Made4Mansions","Fireplaces","18","","","","","","","","","","","","","","","","","MA2623882","",
"255738079969","ZX9NRNTL27324","","Made4Mansions","Fireplaces","","","","","","","","","","","","","","","","","","MA2623883","",
"255728614818","CUIC13300","","Weldmark","Fireplaces","","","","","","","","","","","","","","","","","","FBK100","",
"265887759392","ZX9CPPF9556","","Solid Storage Supplies","Fireplaces","","","","","","","","","","","","","","","","","","SO2201563","",
