Item Id,SKU,Brand,Type,Suitable For,Material,Color,Country/Region of Manufacture,Item Height,Compatible Brand,Item Length,MPN,Compatible Model,Manufacturer Warranty,Model,California Prop 65 Warning,Item Depth,Item Diameter,Item Weight,Item Width,
"265634265860","ZX9ZNPT1310","GardenCare","Lawn & Landscaping","Hoe","","","","","","","GA2079351","","","","","","","","",
"265644590528","ZX9ZNPT1309","GardenCare","Lawn & Landscaping","","Wood","","","","","","GA2170390","","","","","","","","",
"265644602889","ZX9ZNPT1371","GardenCare","Lawn & Landscaping","","","","","","","","GA2056298","","","","","","","","",
"265623530788","WLLCH9594","21ST CENTURY PRODUCT","Lawn & Landscaping","","","","","","","","C05","","","","","","","","",
"255483873398","ZX9ZNPT1303","GardenCare","Lawn & Landscaping","Rake","","","","","","","GA2055512","","","","","","","","",
"255483818776","ZX9ZNPT1333","GardenCare","Lawn & Landscaping","","Aluminum","","","","","","GA2084730","","","","","","","","",
"255476924067","ZX9ZNPT1284","GardenCare","Lawn & Landscaping","","","","","","","","GA2184586","","","","","","","","",
"255464904728","ZX9RVNI1698","GrillGear","Lawn & Landscaping","","","","","","","","GR787644","","","","","","","","",
"255488657787","ZX9RVNI1699","GrillGear","Lawn & Landscaping","","","","","","","","GR840005","","","","","","","","",
"255464892398","ZX9ACHR152344","GrillTown","Lawn & Landscaping","","","White","","","","","GR1679574","","","","","","","","",
"255464869719","ZX9JNSN44363","PatioPlus","Lawn & Landscaping","Lopper","","","","","","","PA83719","","","","","","","","",
"255483823378","ZX9TGBE005","Gan Eden","Lawn & Landscaping","Aerator","","","","","","","GA133633","","","","","","","","",
"265644632165","ZX9EXTR244","Piper&apos;sPit","Lawn & Landscaping","","","","","","","","PI70447","","","","","","","","",
"255488744038","ZX9RVNI1703","GrillGear","Lawn & Landscaping","","","","","","","","GR860906","","","","","","","","",
"265644645418","ZX9TGBE039","GrillsGoneWild","Lawn & Landscaping","","","","","","","","GR864124","","","","","","","","",
"255476910342","ZX9TRVAL115740","GardenControl","Lawn & Landscaping","","","","","","","","GA1647436","","","","","","","","",
"265639658043","ZX9ACHR150969","BBQPlus","Lawn & Landscaping","","","","","","","","BB1680038","","","","","","","","",
"255483743003","ZX9ZNPT1378","GardenCare","Lawn & Landscaping","","Steel","","","","","","GA2087028","","","","","","","","",
"265644634723","ZX9TGBE004","Gan Eden","Lawn & Landscaping","Aerator","","","","","","","GA7736","","","","","","","","",
"265639674025","ZX9TRVAL115742","GardenControl","Lawn & Landscaping","","","","","","","","GA1635309","","","","","","","","",
"255483872694","ZX9ZNPT1308","GardenCare","Lawn & Landscaping","Hoe","Wood","","","","","","GA2073448","","","","","","","","",
"265623552486","ZX9KSAO634485","Tento Campait","Lawn & Landscaping","","","Black","","","","","TE1590566","","","","","","","","",
"265644489670","ZX9ZNPT1307","GardenCare","Lawn & Landscaping","Hoe","Aluminum","","","","","","GA2056290","","","","","","","","",
"265639677560","ZX9ZNPT1377","GardenCare","Lawn & Landscaping","","Steel","","","","","","GA2073454","","","","","","","","",
"255488648960","ZX9RVNI1706","GrillGear","Lawn & Landscaping","","","","","","","","GR840006","","","","","","","","",
"265639528615","ZX9TGBE056","Gan Eden","Lawn & Landscaping","","","","","","","","GA133642","","","","","","","","",
"255483951804","ORGL16963","Agri-Fab","Lawn & Landscaping","","","","","","","","6153423","","","","","","","","",
"255483852419","ACHR150969","Agri-Fab","Lawn & Landscaping","","","","","","","","7205636","","","","","","","","",
"265644579179","ZX9TGBE012","Gan Eden","Lawn & Landscaping","","","","","","","","GA2055893","","","","","","","","",
"255464873532","ACHR137462","Back to the Roots","Lawn & Landscaping","","","","","","","","7769615","","","","","","","","",
"255464909513","JNSN44363","Barnel International","Lawn & Landscaping","Lopper","","","","","","","OR32A","","","","","","","","",
"255483655242","BNSBY1667","Bonsai Boy","Lawn & Landscaping","","","","","","","","e5002","","","","","","","","",
"265639635428","ACHR157912","Build-Well","Lawn & Landscaping","","Metal","","","","","","7838386","","","","","","","","",
"265623536823","ZX9BCI1000528","GardenCare","Lawn & Landscaping","","","","","","","","GA9820","","","","","","","","",
"265623518074","ARTSLRL3256","DP Industries","Lawn & Landscaping","","","White","","","","","P70G ST734W","","","","","","","","",
"255483787520","ACHR153364","Earthwise","Lawn & Landscaping","Cultivator","","","","","","","7013587","","","","","","","","",
"255488790920","EXTR244","Exaco","Lawn & Landscaping","","","","","","","","Aeroplus 6000","","","","","","","","",
"265623544301","KSAO634478","FAULKNER","Lawn & Landscaping","","","Beige","","","","","FLK-53002","","","","","","","","",
"255464894283","KSAO634485","FAULKNER","Lawn & Landscaping","","","Black","","","","","FLK-53016","","","","","","","","",
"265623497720","KSAO634486","FAULKNER","Lawn & Landscaping","","","","","","","","FLK-53018","","","","","","","","",
"265623544929","KSAO634487","FAULKNER","Lawn & Landscaping","","","Beige","","","","","FLK-53019","","","","","","","","",
"265639808380","TGBE1193","Field Tuff","Lawn & Landscaping","","","","","","","","FTF-05SDTC","","","","","","","","",
"255488799927","KNGS025","Field Tuff","Lawn & Landscaping","","Steel","","","","","","FTF-1600BF","","","","","","","","",
"265634301780","KNGS026","Field Tuff","Lawn & Landscaping","","Steel","","","","","","FTF-2600BF","","","","","","","","",
"255488650070","TGBE1186","Field Tuff","Lawn & Landscaping","","","Black","","","","","FTF-2GBF4S","","","","","","","","",
"265644472815","TGBE040","Field Tuff","Lawn & Landscaping","","","","","","","","HDHA42-SEC","","","","","","","","",
"265644604561","BCI10414","Gardman","Lawn & Landscaping","","","","","36 in","","","507586","","","","","","","","",
"255476972306","TRVAL130697","Generac Power Systems","Lawn & Landscaping","Cultivator","","","","","","","103197","","","","","","","","",
"265623558713","TRVAL119241","Green Thumb","Lawn & Landscaping","","","Green","","","","","240737","","","","","","","","",
"265644645453","GRNM1197","Gronomics","Lawn & Landscaping","","","","","","","","MEGB 34-34","","","","","","","","",
"255476931140","GRNM1198","Gronomics","Lawn & Landscaping","","","","","","","","MEGB 34-34 EXT","","","","","","","","",
"265623556323","ZX9ZNPT1299","GardenCare","Lawn & Landscaping","Cultivator","","","","","","","GA2087021","","","","","","","","",
"255464890708","ZX9ZNPT1302","GardenCare","Lawn & Landscaping","Hoe","","","","","","","GA2083741","","","","","","","","",
"255476908847","TRVAL65512","Harvest Lane Honey","Lawn & Landscaping","","Metal","","","","","","202560","","","","","","","","",
"255464860421","ZX9ZNPT1304","GardenCare","Lawn & Landscaping","Rake","","","","","","","GA2055513","","","","","","","","",
"265623545618","ACHR5285","Home Plus","Lawn & Landscaping","","","","","","","","73215","","","","","","","","",
"265644638784","HYFM008","Hydrofarm Active Air","Lawn & Landscaping","","","","","","","","ACDF6","","","","","","","","",
"255488668257","ORGL144890","Jiffy Products","Lawn & Landscaping","","","","","","","","2861094","","","","","","","","",
"255483700128","ZX9ZNPT1422","GardenCare","Lawn & Landscaping","","","","","","","","GA2073456","","","","","","","","",
"265996153533","JNSN46909","Master Magnetics Inc","Lawn & Landscaping","","","","","","","","MFSM24RX","","","","","","","","",
"265644501192","WLLCH16464","Mazel & CO Wire","Lawn & Landscaping","","","","","","","","8011004822","","","","","","","","",
"265639815028","WLLCH9974","Mazeland","Lawn & Landscaping","","","","","","","","8001003022","","","","","","","","",
"255483854970","WLLCH9977","Mazeland","Lawn & Landscaping","","","","","","","","8001003644","","","","","","","","",
"255483699486","WLLCH9978","Mazeland","Lawn & Landscaping","","","","","","","","8001004844","","","","","","","","",
"255483788627","WLLCH9975","Mazeland","Lawn & Landscaping","","","","","","","","8011003622","","","","","","","","",
"255464893604","ZX9BCI1000529","GardenCare","Lawn & Landscaping","","","","","","","","GA44367","","","","","","","","",
"265639646720","MLRS194","Melrose International","Lawn & Landscaping","","Wood","","","","","","70234","","","","","","","","",
"255464902674","BCI1000528","Miller Mfg","Lawn & Landscaping","","","","","","","","052833","","","","","","","","",
"265623560921","BCI1000529","Miller Mfg","Lawn & Landscaping","","","","","","","","052834","","","","","","","","",
"255476993974","ZX9ZNPT1398","GardenCare","Lawn & Landscaping","","","","","","","","GA2079356","","","","","","","","",
"265623545911","ZX9TGBE031","GrillsGoneWild","Lawn & Landscaping","","","","","","","","GR2006664","","","","","","","","",
"255488843737","ARTSLRL3257","Panacea Products","Lawn & Landscaping","","","","","","","","A77 81711","","","","","","","","",
"265623528600","ZX9ZNPT1349","GardenCare","Lawn & Landscaping","","","","","","","","GA2079355","","","","","","","","",
"255488726030","ATP26-PLR1824","Precision Products, Inc","Lawn & Landscaping","Lawn Roller","","","","","","","P26 PLR1824","","","","","","","","",
"255483935721","ZX9CCRP4797","PerfectPatio","Lawn & Landscaping","","","","","","","","PE622784","","","","","","","","",
"255488801400","ZX9ZNPT1348","GardenCare","Lawn & Landscaping","","","","","","","","GA2184590","","","","","","","","",
"265623536757","ACHR120846","Radius","Lawn & Landscaping","","Polypropylene","","","","","","1212273","","","","","","","","",
"255464878394","ACHR120847","Radius","Lawn & Landscaping","","Polypropylene","","","","","","7620461","","","","","","","","",
"265639657327","ZX9ZNPT1394","GardenCare","Lawn & Landscaping","","","","","","","","GA2087031","","","","","","","","",
"255464893163","ZX9ZNPT1350","GardenCare","Lawn & Landscaping","","","","","","","","GA2170393","","","","","","","","",
"255464892499","TRVAL114314","Retail First","Lawn & Landscaping","","","","","","","","234864","","","","","","","","",
"255464874847","DHRGB485","Riverstone Industries","Lawn & Landscaping","","","","","","","","RGB-485","","","","","","","","",
"265623513836","RVNI1698","Riverstone Industries","Lawn & Landscaping","","","","","","","","RSI-GC-3150","","","","","","","","",
"265639623835","RVNI1699","Riverstone Industries","Lawn & Landscaping","","","","","","","","RSI-GC-3300","","","","","","","","",
"255464902720","RVNI1701","Riverstone Industries","Lawn & Landscaping","","","","","","","","RSI-GC-4100","","","","","","","","",
"265644643040","RVNI1703","Riverstone Industries","Lawn & Landscaping","","","","","","","","RSI-GC-4300","","","","","","","","",
"265639567958","RVNI1706","Riverstone Industries","Lawn & Landscaping","","","","","","","","RSI-GC-6150","","","","","","","","",
"255709146772","COLR2627","Smart Pot","Lawn & Landscaping","","","","","","","","1312212","","","","","","","","",
"255464887462","JNSN10755","Soil Moist","Lawn & Landscaping","","","","","","","","JCD-TP03","","","","","","","","",
"255483923761","SUPN1946","SPT","Lawn & Landscaping","","","","","","","","SM-3824A","","","","","","","","",
"265639701323","ZX9ZNPT1295","GardenCare","Lawn & Landscaping","Hedge Shear","","","","","","","GA2055510","","","","","","","","",
"255483750501","SUNPN224","Sunpentown","Lawn & Landscaping","","","","","","","","SM-3824","","","","","","","","",
"265623511978","ZX9ZNPT1432","GardenCare","Lawn & Landscaping","","","","","","","","GA2056305","","","","","","","","",
"265623529081","KNGS028","Timber Tuff","Lawn & Landscaping","","","","","","","","TMW-53","","","","","","","","",
"265644500264","TGBE056","Tow Tuff","Lawn & Landscaping","","","","","","","","ALR-8411A","","","","","","","","",
"265644505787","ARTSLRL3259","Trunk Mat","Lawn & Landscaping","","","White","","","","","T99 C","","","","","","","","",
"265644599977","ZX9ZNPT1305","GardenCare","Lawn & Landscaping","","","Red","","","","","GA2084728","","","","","","","","",
"265639772627","CCRP4797","Typar","Lawn & Landscaping","","","","","","","","TY3201L150","","","","","","","","",
"255464886995","ACHR151176","U-STENCIL","Lawn & Landscaping","","","","","","","","1680016","","","","","","","","",
"255488736325","TGBE004","Yard Tuff","Lawn & Landscaping","Aerator","","","","","","","AE-48T","","","","","","","","",
"255476969898","TRVAL115740","YTL International","Lawn & Landscaping","","","","","","","","219824","","","","","","","","",
"265634311088","TRVAL115739","YTL International","Lawn & Landscaping","","","","","","","","219825","","","","","","","","",
"255476995009","TRVAL115742","YTL International","Lawn & Landscaping","","","","","","","","219826","","","","","","","","",
"265634294080","TRVAL115741","YTL International","Lawn & Landscaping","Aerator","","","","","","","219827","","","","","","","","",
"255483726161","TRVAL115743","YTL International","Lawn & Landscaping","","","","","","","","219830","","","","","","","","",
"255483942279","TRVAL115749","YTL International","Lawn & Landscaping","","","","","","","","240795","","","","","","","","",
"255476967204","ZX9ZNPT1311","GardenCare","Lawn & Landscaping","Hoe","","","","","","","GA2083742","","","","","","","","",
"265644637777","ZNPT811","Zenport","Lawn & Landscaping","","","","","","","","AG411-4PK","","","","","","","","",
"255488846541","ZNPT812","Zenport","Lawn & Landscaping","","","","","","","","AG412-4PK","","","","","","","","",
"265639545135","ZNPT813","Zenport","Lawn & Landscaping","","","","","","","","AG413-4PK","","","","","","","","",
"265639565506","ZNPT017","Zenport","Lawn & Landscaping","","","","","","","","AG416-4PK","","","","","","","","",
"265639813063","ZNPT814","Zenport","Lawn & Landscaping","","","","","","","","AG418-4PK","","","","","","","","",
"255488669591","ZNPT815","Zenport","Lawn & Landscaping","","","","","","","","AG421-4PK","","","","","","","","",
"265644490937","ZNPT336","Zenport","Lawn & Landscaping","","","","","","","","GS405-36PK","","","","","","","","",
"255464904296","ZNPT1470","Zenport Industries","Lawn & Landscaping","Fork","","","","","","","15308A-12PK","","","","","","","","",
"265623531445","ZNPT1472","Zenport Industries","Lawn & Landscaping","Trowel","","","","","","","15308C-12PK","","","","","","","","",
"265623544426","ZNPT1473","Zenport Industries","Lawn & Landscaping","","","","","","","","15308D-12PK","","","","","","","","",
"265623529761","ZNPT1474","Zenport Industries","Lawn & Landscaping","Fork","","","","","","","15311A-12PK","","","","","","","","",
"265639800294","ZNPT1456","Zenport Industries","Lawn & Landscaping","","","","","","","","AE45-10PK","","","","","","","","",
"255483968273","ZNPT1552","Zenport Industries","Lawn & Landscaping","","","","","","","","AG4030-20PK","","","","","","","","",
"255483951624","ZNPT1249","Zenport Industries","Lawn & Landscaping","","","","","","","","AG413-10PK","","","","","","","","",
"265634267682","ZNPT1511","Zenport Industries","Lawn & Landscaping","","","","","","","","F580-6PK","","","","","","","","",
"265634309812","ZNPT1284","Zenport Industries","Lawn & Landscaping","","","","","","","","GA305-24PK","","","","","","","","",
"255488797966","ZNPT1522","Zenport Industries","Lawn & Landscaping","","","Yellow","","","","","GA815-24PK","","","","","","","","",
"265639695815","ZNPT1483","Zenport Industries","Lawn & Landscaping","","","","","","","","H972-12PK","","","","","","","","",
"255483776640","ZNPT1295","Zenport Industries","Lawn & Landscaping","Hedge Shear","","","","","","","HS715-12PK","","","","","","","","",
"265623534795","ZNPT1299","Zenport Industries","Lawn & Landscaping","Cultivator","","","","","","","J0123-H-10PK","","","","","","","","",
"255464870435","ZNPT1302","Zenport Industries","Lawn & Landscaping","Hoe","","","","","","","J1480-H-10PK","","","","","","","","",
"255483869846","ZNPT1303","Zenport Industries","Lawn & Landscaping","Rake","","","","","","","J2424-10PK","","","","","","","","",
"255464871704","ZNPT1304","Zenport Industries","Lawn & Landscaping","Rake","","","","","","","J2424-H-10PK","","","","","","","","",
"265639667402","ZNPT1305","Zenport Industries","Lawn & Landscaping","","","Red","","","","","J31-10PK","","","","","","","","",
"265634280696","ZNPT1307","Zenport Industries","Lawn & Landscaping","Hoe","Aluminum","","","","","","J6-207-12PK","","","","","","","","",
"255483839523","ZNPT1308","Zenport Industries","Lawn & Landscaping","Hoe","Wood","","","","","","J6-208-12PK","","","","","","","","",
"265644489358","ZNPT1309","Zenport Industries","Lawn & Landscaping","","Wood","","","","","","J6-219-12PK","","","","","","","","",
"265644519567","ZNPT1310","Zenport Industries","Lawn & Landscaping","Hoe","","","","","","","JZ0008-12PK","","","","","","","","",
"265639637884","ZNPT1489","Zenport Industries","Lawn & Landscaping","Sickle","","","","","","","K310-12PK","","","","","","","","",
"265639541222","ZNPT1504","Zenport Industries","Lawn & Landscaping","Sickle","","","","","","","K311-12PK","","","","","","","","",
"265634297039","ZNPT1507","Zenport Industries","Lawn & Landscaping","Sickle","","","","","","","K312-12PK","","","","","","","","",
"255483953518","ZNPT1508","Zenport Industries","Lawn & Landscaping","Sickle","","","","","","","K313-12PK","","","","","","","","",
"265639800486","ZNPT1509","Zenport Industries","Lawn & Landscaping","Sickle","","","","","","","K314-12PK","","","","","","","","",
"255464894642","ZNPT1510","Zenport Industries","Lawn & Landscaping","Sickle","","","","","","","K316-6PK","","","","","","","","",
"255483937548","ZNPT1333","Zenport Industries","Lawn & Landscaping","","","","","","","","MV26-6PK","","","","","","","","",
"265634301351","ZNPT1493","Zenport Industries","Lawn & Landscaping","","","","","","","","Q130DX-10PK","","","","","","","","",
"255483780553","ZNPT1348","Zenport Industries","Lawn & Landscaping","","","","","","","","Q42-10PK","","","","","","","","",
"265623535623","ZNPT1349","Zenport Industries","Lawn & Landscaping","","","","","","","","Q42-B-10PK","","","","","","","","",
"255464864352","ZNPT1350","Zenport Industries","Lawn & Landscaping","","","","","","","","QV8-BLADE-10PK","","","","","","","","",
"265623557082","ZNPT1352","Zenport Industries","Lawn & Landscaping","","Steel","","","","","","QZ402-BXX-10PK","","","","","","","","",
"255488654028","ZNPT1494","Zenport Industries","Lawn & Landscaping","Saw","","","","","","","S330-12PK","","","","","","","","",
"255488748168","ZNPT1371","Zenport Industries","Lawn & Landscaping","","","","","","","","SH3205-3PK","","","","","","","","",
"255483802550","ZNPT1374","Zenport Industries","Lawn & Landscaping","","","","","","","","SH3214A-3PK","","","","","","","","",
"255483849052","ZNPT1377","Zenport Industries","Lawn & Landscaping","","","","","","","","SH3287-3PK","","","","","","","","",
"265644499766","ZNPT1378","Zenport Industries","Lawn & Landscaping","","Steel","","","","","","SH3288-3PK","","","","","","","","",
"255488803795","ZNPT1394","Zenport Industries","Lawn & Landscaping","","","","","","","","SPZ630-1-10PK","","","","","","","","",
"255483879278","ZNPT1398","Zenport Industries","Lawn & Landscaping","","","","","","","","WM100-6PK","","","","","","","","",
"255647833019","ZNPT1403","Zenport Industries","Lawn & Landscaping","","","","","","","","Z290-12PK","","","","","","","","",
"255476994587","ZNPT1411","Zenport Industries","Lawn & Landscaping","","","","","","","","ZJ18A-30PK","","","","","","","","",
"265634253284","ZNPT1453","Zenport Industries","Lawn & Landscaping","","","","","","","","ZJ68-5PK","","","","","","","","",
"265644593412","ZNPT1417","Zenport Industries","Lawn & Landscaping","Fruit Picker","","","","","","","ZL6146D-8PK","","","","","","","","",
"255483784785","ZNPT1422","Zenport Industries","Lawn & Landscaping","","","","","","","","ZL89-10PK","","","","","","","","",
"265623530092","ZNPT1432","Zenport Industries","Lawn & Landscaping","","","","","","","","ZLT9915-22SET-10PK","","","","","","","","",
"265639726681","ZNPT1454","Zenport Industries","Lawn & Landscaping","","","","","","","","ZS109T-12PK","","","","","","","","",
"255476901829","ZNPT1311","Zenport Industries","Lawn & Landscaping","Hoe","","","","","","","JZ0009-12PK","","","","","","","","",
"255476984274","ZNPT527","Zenport","Lawn & Landscaping","","","","","","","","ZJ18A-50PK","","","","","","","","",
"255483940538","ZNPT820","Zenport","Lawn & Landscaping","","","","","","","","ZL100-10PK","","","","","","","","",
"255483955262","ZNPT535","Zenport","Lawn & Landscaping","","","","","","","","ZL105-20PK","","","","","","","","",
"255488750887","ZNPT562","Zenport","Lawn & Landscaping","","","","","","","","ZL122S-10PK","","","","","","","","",
"265973650905","ZNPT824","Zenport","Lawn & Landscaping","Fruit Picker","","","","","","","ZL6146B-8PK","","","","","","","","",
"265639582322","ZNPT821","Zenport","Lawn & Landscaping","","","","","","","","ZL630-4PK","","","","","","","","",
"255476943981","ZNPT545","Zenport","Lawn & Landscaping","","","","","","","","ZL919-10PK","","","","","","","","",
"255488676958","ZNPT546","Zenport","Lawn & Landscaping","","","","","","","","ZL99-10PK","","","","","","","","",
