Item Id,SKU,Material,Indoor/Outdoor,Type,Pattern,Style,Color,Brand,Size,Shape,Theme,Item Height,Area of Use,Country/Region of Manufacture,Item Length,Occasion,Item Width,Finish,MPN,Custom Bundle,Bundle Description,California Prop 65 Warning,Care Instructions,Customized,Features,Item Weight,
"255464908990","ZX9FLRBN1033","Ceramic","","Lawn & Landscaping","Wood","","","Conservatorio","","","","","","","","","","","CO1759161","","","","","","","",
"265639562900","ZX9ARTSLRL2957","","","Lawn & Landscaping","","","","Veranda","","","","","","","","","","","VE1258358","","","","","","","",
"265639523219","ZX9FLRBN1017","Wood","","Lawn & Landscaping","Wood","","White","Conservatorio","","","","","","","","","","","CO1766734","","","","","","","",
"255483877108","ZX9ORE2934","Stone","","Lawn & Landscaping","","","Gray","GreenGrass","","","","","","","","","","","GR1609666","","","","","","","",
"265623537887","ZX9FLRBN1021","Cement","","Lawn & Landscaping","","","","Conservatorio","","","","","","","","","","","CO1766735","","","","","","","",
"255476937523","ARTSLRL2957","","","Lawn & Landscaping","","","","ARETT SALES","","","","","","","","","","","D68 PL240","","","","","","","",
"255483925596","CNGR4394","","","Lawn & Landscaping","","","","Cheungs","","","","","","","","","","","5201","","","","","","","",
"255483649763","CCI2855","","","Lawn & Landscaping","","","","Convenience Concepts","","","","","","","","","","","151640BDW","","","","","","","",
"265639516857","CCI2849","","","Lawn & Landscaping","","","","Convenience Concepts","","","","","","","","","","","151640EO","","","","","","","",
"265639696555","CCI2233","","","Lawn & Landscaping","","","","Convenience Concepts","Large","","","","","","","","","","G10112","","","","","","","",
"265634306349","SSCH100","","","Lawn & Landscaping","","","","Esschert Design USA","","Round","","","","","","","","","ZYCT500","","","","","","","",
"255476925573","FLRBN1017","Wood","","Lawn & Landscaping","Wood","","White","Flora Bunda","","","","","","","","","","","CS2755-WH","","","","","","","",
"265623537293","FLRBN1021","Cement","","Lawn & Landscaping","","","","Flora Bunda","","","","","","","","","","","CS3019-GY","","","","","","","",
"255464874728","FLRBN1033","Ceramic","","Lawn & Landscaping","","","","Flora Bunda","","","","","","","","","","","CT796E2-TL","","","","","","","",
"265623535061","OCNTR46378","Cement","","Lawn & Landscaping","","","","HomeRoots","","","","","","","","","","","373237","","","","","","","",
"255488660011","KLKL280","Marble","","Lawn & Landscaping","","","White","Kalalou","","","","","","","","","","","NART1000","","","","","","","",
"265623504976","RTL244784","","","Lawn & Landscaping","","","","Monarch Specialties","","","","","","","","","","","I 2480","","","","","","","",
"265644474009","MERRY1188","","","Lawn & Landscaping","","","Red","Northbeam","","","","","","","","","","","PLT0152210010","","","","","","","",
"265639792444","OCNTR39348","","","Lawn & Landscaping","","","","OceanTailer","","","","","","","","","","","379851","","","","","","","",
"265623538471","ORE3379","Marble","","Lawn & Landscaping","","","Black","ORE INTERNATIONAL","","","","","","","","","","","L1907","","","","","","","",
"255488752345","ORE2934","Stone","","Lawn & Landscaping","","","Gray","ORE INTERNATIONAL","","","","","","","","","","","LB-1712","","","","","","","",
"265623540203","TRVAL130096","","","Lawn & Landscaping","","","Black","Panacea","","Square","","","","","","","","","102227","","","","","","","",
"265623544963","ACHW45470","","","Lawn & Landscaping","","","Green","Panacea Products","","","","","","","","","","","7300866","","","","","","","",
"265644570380","PRMT1010","","","Lawn & Landscaping","","","","Pharmtec","","Rectangular","","","","","","","","","1548PB","","","","","","","",
"265639524294","PRMT1011","","","Lawn & Landscaping","","","","Pharmtec","","Rectangular","","","","","","","","","2034PB","","","","","","","",
"265644471902","PRMT1012","","","Lawn & Landscaping","","","","Pharmtec","Small","","","","","","","","","","2436BS","","","","","","","",
"255476946458","PRMT1009","","","Lawn & Landscaping","","","","Pharmtec","Large","","","","","","","","","","7236BS","","","","","","","",
"265623520165","TRDMR327921","Wood","","Lawn & Landscaping","Wood","","","Pure Garden","","","","","","","","","","","50-LG5004","","","","","","","",
"265623491896","REDC1976","","","Lawn & Landscaping","","","Green","Red Carpet Studios","","","","","","","","","","","20152","","","","","","","",
"265623520773","KHRG4397","","","Lawn & Landscaping","","","","Summerfield Terrace","","","","","","","","","","","10018721","","","","","","","",
"255464880576","KHRG4443","","","Lawn & Landscaping","","","","Summerfield Terrace","","Bicycle","","","","","","","","","10018794","","","","","","","",
"265639671441","TRPR1214","Metal","","Lawn & Landscaping","","","Gold","Tripar International","","","","","","","","","","","19692","","","","","","","",
"265639705872","RTL84608","Metal","","Lawn & Landscaping","","","","Wald","","","","","","","","","","","FL5018","","","","","","","",
